date,coupon,note_rate,pmms,refi_incentive,forecast_cpr,realized_cpr
2018-01-01,2.5,3.25,4.0325,-0.7825,0.012058,0.0
2018-01-01,3.0,3.75,4.0325,-0.2825,0.014672,0.0
2018-01-01,3.5,4.25,4.0325,0.2175,0.02047,0.0
2018-01-01,4.0,4.75,4.0325,0.7175,0.027131,0.0
2018-01-01,4.5,5.25,4.0325,1.2175,0.033827,0.0
2018-01-01,5.0,5.75,4.0325,1.7175,0.039595,0.0
2018-01-01,5.5,6.25,4.0325,2.2175,0.044816,0.0
2018-02-01,2.5,3.25,4.33,-1.08,0.011265,0.01036932
2018-02-01,3.0,3.75,4.33,-0.58,0.01285,0.00657876
2018-02-01,3.5,4.25,4.33,-0.08,0.016681,0.00747273
2018-02-01,4.0,4.75,4.33,0.42,0.023198,0.00890617
2018-02-01,4.5,5.25,4.33,0.92,0.029876,0.01036657
2018-02-01,5.0,5.75,4.33,1.42,0.036249,0.02626243
2018-02-01,5.5,6.25,4.33,1.92,0.041791,0.06178243
2018-03-01,2.5,3.25,4.444,-1.194,0.011009,0.01779873
2018-03-01,3.0,3.75,4.444,-0.694,0.012349,0.01208538
2018-03-01,3.5,4.25,4.444,-0.194,0.015467,0.01407485
2018-03-01,4.0,4.75,4.444,0.306,0.021663,0.01402598
2018-03-01,4.5,5.25,4.444,0.806,0.028333,0.01787662
2018-03-01,5.0,5.75,4.444,1.306,0.034909,0.05557723
2018-03-01,5.5,6.25,4.444,1.806,0.040573,0.04396496
2018-04-01,2.5,3.25,4.4675,-1.2175,0.010958,0.02025787
2018-04-01,3.0,3.75,4.4675,-0.7175,0.012267,0.01853294
2018-04-01,3.5,4.25,4.4675,-0.2175,0.015247,0.01824572
2018-04-01,4.0,4.75,4.4675,0.2825,0.021348,0.01532187
2018-04-01,4.5,5.25,4.4675,0.7825,0.028011,0.02225161
2018-04-01,5.0,5.75,4.4675,1.2825,0.034629,0.04045647
2018-04-01,5.5,6.25,4.4675,1.7825,0.040312,0.03898135
2018-04-01,6.0,6.75,4.4675,2.2825,0.045432,0.0
2018-05-01,2.5,3.25,4.586,-1.336,0.01073,0.02919499
2018-05-01,3.0,3.75,4.586,-0.836,0.0119,0.02735421
2018-05-01,3.5,4.25,4.586,-0.336,0.014267,0.02775053
2018-05-01,4.0,4.75,4.586,0.164,0.019761,0.02167884
2018-05-01,4.5,5.25,4.586,0.664,0.026423,0.02776466
2018-05-01,5.0,5.75,4.586,1.164,0.033134,0.03581442
2018-05-01,5.5,6.25,4.586,1.664,0.039003,0.06672068
2018-05-01,6.0,6.75,4.586,2.164,0.044298,0.0
2018-05-01,6.5,7.25,4.586,2.664,0.048901,0.0
2018-06-01,2.5,3.25,4.57,-1.32,0.010759,0.02595121
2018-06-01,3.0,3.75,4.57,-0.82,0.011947,0.03293064
2018-06-01,3.5,4.25,4.57,-0.32,0.014378,0.02991946
2018-06-01,4.0,4.75,4.57,0.18,0.01997,0.02666164
2018-06-01,4.5,5.25,4.57,0.68,0.026634,0.02905321
2018-06-01,5.0,5.75,4.57,1.18,0.033341,0.04834809
2018-06-01,5.5,6.25,4.57,1.68,0.039179,0.03649528
2018-06-01,6.0,6.75,4.57,2.18,0.044455,0.0643204
2018-06-01,6.5,7.25,4.57,2.68,0.049043,0.99975586
2018-07-01,2.5,3.25,4.5275,-1.2775,0.010837,0.03703593
2018-07-01,3.0,3.75,4.5275,-0.7775,0.012072,0.03091937
2018-07-01,3.5,4.25,4.5275,-0.2775,0.014715,0.03634145
2018-07-01,4.0,4.75,4.5275,0.2225,0.020536,0.02990689
2018-07-01,4.5,5.25,4.5275,0.7225,0.027198,0.03329504
2018-07-01,5.0,5.75,4.5275,1.2225,0.03389,0.04074763
2018-07-01,5.5,6.25,4.5275,1.7225,0.039651,0.03983373
2018-07-01,6.0,6.75,4.5275,2.2225,0.044863,0.0673895
2018-07-01,6.5,7.25,4.5275,2.7225,0.049417,0.0
2018-08-01,2.5,3.25,4.55,-1.3,0.010795,0.03699787
2018-08-01,3.0,3.75,4.55,-0.8,0.012006,0.04317501
2018-08-01,3.5,4.25,4.55,-0.3,0.014528,0.03927397
2018-08-01,4.0,4.75,4.55,0.2,0.020236,0.03349642
2018-08-01,4.5,5.25,4.55,0.7,0.026899,0.03701882
2018-08-01,5.0,5.75,4.55,1.2,0.033601,0.05089376
2018-08-01,5.5,6.25,4.55,1.7,0.039401,0.04872395
2018-08-01,6.0,6.75,4.55,2.2,0.044649,0.05416255
2018-08-01,6.5,7.25,4.55,2.7,0.04922,0.0
2018-09-01,2.5,3.25,4.6275,-1.3775,0.010656,0.03191627
2018-09-01,3.0,3.75,4.6275,-0.8775,0.011784,0.03984179
2018-09-01,3.5,4.25,4.6275,-0.3775,0.013989,0.03495669
2018-09-01,4.0,4.75,4.6275,0.1225,0.019226,0.02973226
2018-09-01,4.5,5.25,4.6275,0.6225,0.025886,0.03395133
2018-09-01,5.0,5.75,4.6275,1.1225,0.032593,0.04566195
2018-09-01,5.5,6.25,4.6275,1.6225,0.038546,0.03819992
2018-09-01,6.0,6.75,4.6275,2.1225,0.043883,0.04351071
2018-09-01,6.5,7.25,4.6275,2.6225,0.048534,0.0
2018-10-01,2.5,3.25,4.83,-1.58,0.010362,0.04699393
2018-10-01,3.0,3.75,4.83,-1.08,0.011265,0.03830005
2018-10-01,3.5,4.25,4.83,-0.58,0.01285,0.04008654
2018-10-01,4.0,4.75,4.83,-0.08,0.016681,0.03269344
2018-10-01,4.5,5.25,4.83,0.42,0.023198,0.03813384
2018-10-01,5.0,5.75,4.83,0.92,0.029876,0.05627645
2018-10-01,5.5,6.25,4.83,1.42,0.036249,0.04936252
2018-10-01,6.0,6.75,4.83,1.92,0.041791,0.04611597
2018-10-01,6.5,7.25,4.83,2.42,0.046722,0.0
2018-11-01,2.5,3.25,4.866,-1.616,0.010325,0.0440445
2018-11-01,3.0,3.75,4.866,-1.116,0.011181,0.04248709
2018-11-01,3.5,4.25,4.866,-0.616,0.012678,0.03727839
2018-11-01,4.0,4.75,4.866,-0.116,0.016265,0.03064302
2018-11-01,4.5,5.25,4.866,0.384,0.022718,0.03254622
2018-11-01,5.0,5.75,4.866,0.884,0.029388,0.05484654
2018-11-01,5.5,6.25,4.866,1.384,0.035832,0.04974955
2018-11-01,6.0,6.75,4.866,1.884,0.041413,0.05897691
2018-11-01,6.5,7.25,4.866,2.384,0.046387,0.0
2018-12-01,2.5,3.25,4.6375,-1.3875,0.010638,0.04914507
2018-12-01,3.0,3.75,4.6375,-0.8875,0.011757,0.11837492
2018-12-01,3.5,4.25,4.6375,-0.3875,0.013924,0.25698548
2018-12-01,4.0,4.75,4.6375,0.1125,0.019096,0.63465156
2018-12-01,4.5,5.25,4.6375,0.6125,0.025757,0.81395207
2018-12-01,5.0,5.75,4.6375,1.1125,0.032462,0.80274578
2018-12-01,5.5,6.25,4.6375,1.6125,0.038436,0.86468879
2018-12-01,6.0,6.75,4.6375,2.1125,0.043781,0.81859346
2018-12-01,6.5,7.25,4.6375,2.6125,0.048446,0.9846966
2019-01-01,2.5,3.25,4.464,-1.214,0.010965,0.0
2019-01-01,3.0,3.75,4.464,-0.714,0.012278,0.0
2019-01-01,3.5,4.25,4.464,-0.214,0.01528,0.0
2019-01-01,4.0,4.75,4.464,0.286,0.021395,0.0
2019-01-01,4.5,5.25,4.464,0.786,0.028059,0.0
2019-01-01,5.0,5.75,4.464,1.286,0.03467,0.0
2019-01-01,5.5,6.25,4.464,1.786,0.040351,0.0
2019-01-01,6.0,6.75,4.464,2.286,0.045465,0.0
2019-01-01,6.5,7.25,4.464,2.786,0.049961,0.0
2019-02-01,2.5,3.25,4.37,-1.12,0.011172,0.0
2019-02-01,3.0,3.75,4.37,-0.62,0.012659,0.0
2019-02-01,3.5,4.25,4.37,-0.12,0.01622,0.00015762
2019-02-01,4.0,4.75,4.37,0.38,0.022664,0.00047244
2019-02-01,4.5,5.25,4.37,0.88,0.029334,0.00239592
2019-02-01,5.0,5.75,4.37,1.38,0.035786,0.00399999
2019-02-01,5.5,6.25,4.37,1.88,0.04137,0.00412309
2019-02-01,6.0,6.75,4.37,2.38,0.04635,0.00243383
2019-02-01,6.5,7.25,4.37,2.88,0.050737,0.0
2019-03-01,2.5,3.25,4.265,-1.015,0.01142,0.0
2019-03-01,3.0,3.75,4.265,-0.515,0.013175,0.0
2019-03-01,3.5,4.25,4.265,-0.015,0.017473,0.00076261
2019-03-01,4.0,4.75,4.265,0.485,0.024065,0.00182067
2019-03-01,4.5,5.25,4.265,0.985,0.030758,0.00595903
2019-03-01,5.0,5.75,4.265,1.485,0.036992,0.00838784
2019-03-01,5.5,6.25,4.265,1.985,0.042466,0.01238867
2019-03-01,6.0,6.75,4.265,2.485,0.047317,0.02583742
2019-03-01,6.5,7.25,4.265,2.985,0.051555,0.0
2019-04-01,2.5,3.25,4.1425,-0.8925,0.011743,0.0
2019-04-01,3.0,3.75,4.1425,-0.3925,0.013892,0.0
2019-04-01,3.5,4.25,4.1425,0.1075,0.019032,0.00175115
2019-04-01,4.0,4.75,4.1425,0.6075,0.025692,0.00418101
2019-04-01,4.5,5.25,4.1425,1.1075,0.032397,0.0118017
2019-04-01,5.0,5.75,4.1425,1.6075,0.038381,0.01332656
2019-04-01,5.5,6.25,4.1425,2.1075,0.04373,0.02114589
2019-04-01,6.0,6.75,4.1425,2.6075,0.048402,0.0222419
2019-04-01,6.5,7.25,4.1425,3.1075,0.052427,0.21150682
2019-05-01,2.5,3.25,4.072,-0.822,0.011941,0.00298569
2019-05-01,3.0,3.75,4.072,-0.322,0.014364,0.00319863
2019-05-01,3.5,4.25,4.072,0.178,0.019944,0.00305983
2019-05-01,4.0,4.75,4.072,0.678,0.026607,0.0083448
2019-05-01,4.5,5.25,4.072,1.178,0.033315,0.0204643
2019-05-01,5.0,5.75,4.072,1.678,0.039157,0.02344848
2019-05-01,5.5,6.25,4.072,2.178,0.044436,0.03514804
2019-05-01,6.0,6.75,4.072,2.678,0.049025,0.03963297
2019-05-01,6.5,7.25,4.072,3.178,0.052894,0.0
2019-06-01,2.5,3.25,3.8025,-0.5525,0.012986,0.0
2019-06-01,3.0,3.75,3.8025,-0.0525,0.017011,0.00492129
2019-06-01,3.5,4.25,3.8025,0.4475,0.023563,0.00701667
2019-06-01,4.0,4.75,3.8025,0.9475,0.030249,0.0124242
2019-06-01,4.5,5.25,3.8025,1.4475,0.036565,0.02729374
2019-06-01,5.0,5.75,3.8025,1.9475,0.042079,0.03194274
2019-06-01,5.5,6.25,3.8025,2.4475,0.046975,0.04676347
2019-06-01,6.0,6.75,3.8025,2.9475,0.051266,0.09052899
2019-06-01,6.5,7.25,3.8025,3.4475,0.054558,0.38729024
2019-07-01,2.5,3.25,3.765,-0.515,0.013175,0.00432718
2019-07-01,3.0,3.75,3.765,-0.015,0.017473,0.01205168
2019-07-01,3.5,4.25,3.765,0.485,0.024065,0.01443452
2019-07-01,4.0,4.75,3.765,0.985,0.030758,0.02790498
2019-07-01,4.5,5.25,3.765,1.485,0.036992,0.06007834
2019-07-01,5.0,5.75,3.765,1.985,0.042466,0.05858236
2019-07-01,5.5,6.25,3.765,2.485,0.047317,0.0716791
2019-07-01,6.0,6.75,3.765,2.985,0.051555,0.07587744
2019-07-01,6.5,7.25,3.765,3.485,0.05477,0.0
2019-08-01,2.5,3.25,3.616,-0.366,0.014064,0.00514707
2019-08-01,3.0,3.75,3.616,0.134,0.019376,0.01771703
2019-08-01,3.5,4.25,3.616,0.634,0.026034,0.01971032
2019-08-01,4.0,4.75,3.616,1.134,0.032744,0.03979741
2019-08-01,4.5,5.25,3.616,1.634,0.038672,0.06917354
2019-08-01,5.0,5.75,3.616,2.134,0.044,0.06569882
2019-08-01,5.5,6.25,3.616,2.634,0.048636,0.07527227
2019-08-01,6.0,6.75,3.616,3.134,0.052603,0.10322926
2019-08-01,6.5,7.25,3.616,3.634,0.055585,0.0
2019-09-01,2.5,3.25,3.605,-0.355,0.014138,0.00710251
2019-09-01,3.0,3.75,3.605,0.145,0.019516,0.01960127
2019-09-01,3.5,4.25,3.605,0.645,0.026176,0.03404081
2019-09-01,4.0,4.75,3.605,1.145,0.032888,0.062946
2019-09-01,4.5,5.25,3.605,1.645,0.038793,0.09059341
2019-09-01,5.0,5.75,3.605,2.145,0.04411,0.07543514
2019-09-01,5.5,6.25,3.605,2.645,0.048733,0.08761043
2019-09-01,6.0,6.75,3.605,3.145,0.052676,0.12253135
2019-09-01,6.5,7.25,3.605,3.645,0.055642,0.0
2019-10-01,2.5,3.25,3.688,-0.438,0.013612,0.01032441
2019-10-01,3.0,3.75,3.688,0.062,0.01845,0.01962256
2019-10-01,3.5,4.25,3.688,0.562,0.025093,0.04201203
2019-10-01,4.0,4.75,3.688,1.062,0.03179,0.0830139
2019-10-01,4.5,5.25,3.688,1.562,0.037871,0.10662312
2019-10-01,5.0,5.75,3.688,2.062,0.043262,0.08775628
2019-10-01,5.5,6.25,3.688,2.562,0.048001,0.10440611
2019-10-01,6.0,6.75,3.688,3.062,0.052117,0.11263587
2019-10-01,6.5,7.25,3.688,3.562,0.0552,0.21150682
2019-11-01,2.5,3.25,3.695,-0.445,0.01357,0.00925231
2019-11-01,3.0,3.75,3.695,0.055,0.01836,0.01923003
2019-11-01,3.5,4.25,3.695,0.555,0.025,0.0366853
2019-11-01,4.0,4.75,3.695,1.055,0.031696,0.07231338
2019-11-01,4.5,5.25,3.695,1.555,0.037791,0.08804561
2019-11-01,5.0,5.75,3.695,2.055,0.043189,0.08329977
2019-11-01,5.5,6.25,3.695,2.555,0.04794,0.09713106
2019-11-01,6.0,6.75,3.695,3.055,0.052069,0.15052275
2019-11-01,6.5,7.25,3.695,3.555,0.055161,0.21150682
2019-12-01,2.5,3.25,3.72,-0.47,0.013425,0.02342274
2019-12-01,3.0,3.75,3.72,0.03,0.018041,0.03269506
2019-12-01,3.5,4.25,3.72,0.53,0.024668,0.0895301
2019-12-01,4.0,4.75,3.72,1.03,0.031361,0.19472156
2019-12-01,4.5,5.25,3.72,1.53,0.037506,0.2597641
2019-12-01,5.0,5.75,3.72,2.03,0.042929,0.24354864
2019-12-01,5.5,6.25,3.72,2.53,0.047719,0.24176156
2019-12-01,6.0,6.75,3.72,3.03,0.051893,0.21445371
2019-12-01,6.5,7.25,3.72,3.53,0.055022,0.50986825
2020-01-01,2.5,3.25,3.624,-0.374,0.014012,0.0
2020-01-01,3.0,3.75,3.624,0.126,0.019272,0.0
2020-01-01,3.5,4.25,3.624,0.626,0.025931,0.0
2020-01-01,4.0,4.75,3.624,1.126,0.032639,0.0
2020-01-01,4.5,5.25,3.624,1.626,0.038584,0.0
2020-01-01,5.0,5.75,3.624,2.126,0.043919,0.0
2020-01-01,5.5,6.25,3.624,2.626,0.048565,0.0
2020-01-01,6.0,6.75,3.624,3.126,0.05255,0.0
2020-01-01,6.5,7.25,3.624,3.626,0.055543,0.0
2020-02-01,2.5,3.25,3.465,-0.215,0.01527,0.0009067
2020-02-01,3.0,3.75,3.465,0.285,0.021382,0.00124403
2020-02-01,3.5,4.25,3.465,0.785,0.028045,0.00150598
2020-02-01,4.0,4.75,3.465,1.285,0.034658,0.00063649
2020-02-01,4.5,5.25,3.465,1.785,0.04034,0.00039016
2020-02-01,5.0,5.75,3.465,2.285,0.045456,0.00082511
2020-02-01,5.5,6.25,3.465,2.785,0.049953,0.00051746
2020-02-01,6.0,6.75,3.465,3.285,0.053576,0.0
2020-02-01,6.5,7.25,3.465,3.785,0.056352,0.0
2020-03-01,2.5,3.25,3.45,-0.2,0.015411,0.00307787
2020-03-01,3.0,3.75,3.45,0.3,0.021582,0.00396773
2020-03-01,3.5,4.25,3.45,0.8,0.028251,0.00441896
2020-03-01,4.0,4.75,3.45,1.3,0.034838,0.00182249
2020-03-01,4.5,5.25,3.45,1.8,0.040507,0.00107889
2020-03-01,5.0,5.75,3.45,2.3,0.045597,0.00132566
2020-03-01,5.5,6.25,3.45,2.8,0.050079,0.0014478
2020-03-01,6.0,6.75,3.45,3.3,0.053668,0.0
2020-03-01,6.5,7.25,3.45,3.8,0.056425,0.0
2020-04-01,2.5,3.25,3.306,-0.056,0.016968,0.00694376
2020-04-01,3.0,3.75,3.306,0.444,0.023517,0.00890456
2020-04-01,3.5,4.25,3.306,0.944,0.030201,0.01025195
2020-04-01,4.0,4.75,3.306,1.444,0.036525,0.00355951
2020-04-01,4.5,5.25,3.306,1.944,0.042042,0.00202722
2020-04-01,5.0,5.75,3.306,2.444,0.046943,0.00312193
2020-04-01,5.5,6.25,3.306,2.944,0.051239,0.00188187
2020-04-01,6.0,6.75,3.306,3.444,0.054538,0.0
2020-04-01,6.5,7.25,3.306,3.944,0.057107,0.0
2020-05-01,2.5,3.25,3.2325,0.0175,0.017882,0.0078917
2020-05-01,3.0,3.75,3.2325,0.5175,0.024501,0.01226884
2020-05-01,3.5,4.25,3.2325,1.0175,0.031193,0.01559007
2020-05-01,4.0,4.75,3.2325,1.5175,0.037364,0.00608374
2020-05-01,4.5,5.25,3.2325,2.0175,0.0428,0.00395593
2020-05-01,5.0,5.75,3.2325,2.5175,0.047608,0.00400289
2020-05-01,5.5,6.25,3.2325,3.0175,0.0518,0.00248184
2020-05-01,6.0,6.75,3.2325,3.5175,0.054952,0.00219158
2020-05-01,6.5,7.25,3.2325,4.0175,0.057435,0.0
2020-06-01,2.5,3.25,3.1625,0.0875,0.018774,0.01520007
2020-06-01,3.0,3.75,3.1625,0.5875,0.025431,0.02544827
2020-06-01,3.5,4.25,3.1625,1.0875,0.032133,0.02866936
2020-06-01,4.0,4.75,3.1625,1.5875,0.038158,0.01079892
2020-06-01,4.5,5.25,3.1625,2.0875,0.043525,0.00699048
2020-06-01,5.0,5.75,3.1625,2.5875,0.048226,0.00798506
2020-06-01,5.5,6.25,3.1625,3.0875,0.052292,0.00509421
2020-06-01,6.0,6.75,3.1625,3.5875,0.055338,0.00226138
2020-06-01,6.5,7.25,3.1625,4.0875,0.057731,0.0
2020-07-01,2.5,3.25,3.016,0.234,0.02069,0.02855241
2020-07-01,3.0,3.75,3.016,0.734,0.027351,0.04802835
2020-07-01,3.5,4.25,3.016,1.234,0.034035,0.05261222
2020-07-01,4.0,4.75,3.016,1.734,0.039779,0.01938331
2020-07-01,4.5,5.25,3.016,2.234,0.044972,0.01300019
2020-07-01,5.0,5.75,3.016,2.734,0.049518,0.01191114
2020-07-01,5.5,6.25,3.016,3.234,0.053258,0.00874471
2020-07-01,6.0,6.75,3.016,3.734,0.056099,0.0
2020-07-01,6.5,7.25,3.016,4.234,0.058302,0.0
2020-08-01,2.5,3.25,2.935,0.315,0.021784,0.0420444
2020-08-01,3.0,3.75,2.935,0.815,0.028455,0.07417351
2020-08-01,3.5,4.25,2.935,1.315,0.035017,0.07546784
2020-08-01,4.0,4.75,2.935,1.815,0.040672,0.02358632
2020-08-01,4.5,5.25,2.935,2.315,0.045739,0.01419174
2020-08-01,5.0,5.75,2.935,2.815,0.050204,0.01116868
2020-08-01,5.5,6.25,2.935,3.315,0.053761,0.00826012
2020-08-01,6.0,6.75,2.935,3.815,0.056498,0.00241862
2020-08-01,6.5,7.25,2.935,4.315,0.058593,0.0
2020-09-01,2.5,3.25,2.89,0.36,0.022394,0.05604491
2020-09-01,3.0,3.75,2.89,0.86,0.029063,0.1093726
2020-09-01,3.5,4.25,2.89,1.36,0.035551,0.0972061
2020-09-01,4.0,4.75,2.89,1.86,0.041157,0.0299444
2020-09-01,4.5,5.25,2.89,2.36,0.046161,0.01714343
2020-09-01,5.0,5.75,2.89,2.86,0.050575,0.01294529
2020-09-01,5.5,6.25,2.89,3.36,0.054038,0.00956365
2020-09-01,6.0,6.75,2.89,3.86,0.056716,0.0
2020-09-01,6.5,7.25,2.89,4.36,0.058751,0.0
2020-10-01,2.5,3.25,2.834,0.416,0.023144,0.07089373
2020-10-01,3.0,3.75,2.834,0.916,0.029822,0.13763297
2020-10-01,3.5,4.25,2.834,1.416,0.036203,0.1177863
2020-10-01,4.0,4.75,2.834,1.916,0.04175,0.0372052
2020-10-01,4.5,5.25,2.834,2.416,0.046685,0.02098909
2020-10-01,5.0,5.75,2.834,2.916,0.05102,0.01459165
2020-10-01,5.5,6.25,2.834,3.416,0.054374,0.01063236
2020-10-01,6.0,6.75,2.834,3.916,0.05698,0.00255292
2020-10-01,6.5,7.25,2.834,4.416,0.058944,0.0
2020-11-01,2.5,3.25,2.765,0.485,0.024065,0.06706972
2020-11-01,3.0,3.75,2.765,0.985,0.030758,0.14107197
2020-11-01,3.5,4.25,2.765,1.485,0.036992,0.11786774
2020-11-01,4.0,4.75,2.765,1.985,0.042466,0.03880508
2020-11-01,4.5,5.25,2.765,2.485,0.047317,0.02122348
2020-11-01,5.0,5.75,2.765,2.985,0.051555,0.01758044
2020-11-01,5.5,6.25,2.765,3.485,0.05477,0.01064829
2020-11-01,6.0,6.75,2.765,3.985,0.057292,0.0
2020-11-01,6.5,7.25,2.765,4.485,0.059174,0.0
2020-12-01,2.5,3.25,2.684,0.566,0.025146,0.10004578
2020-12-01,3.0,3.75,2.684,1.066,0.031844,0.26067435
2020-12-01,3.5,4.25,2.684,1.566,0.037916,0.40302373
2020-12-01,4.0,4.75,2.684,2.066,0.043303,0.43933143
2020-12-01,4.5,5.25,2.684,2.566,0.048035,0.4179965
2020-12-01,5.0,5.75,2.684,3.066,0.052145,0.36094131
2020-12-01,5.5,6.25,2.684,3.566,0.055222,0.35894461
2020-12-01,6.0,6.75,2.684,4.066,0.057641,0.2931751
2020-12-01,6.5,7.25,2.684,4.566,0.059434,0.0
2021-01-01,2.5,3.25,2.735,0.515,0.024468,0.0
2021-01-01,3.0,3.75,2.735,1.015,0.03116,0.0
2021-01-01,3.5,4.25,2.735,1.515,0.037335,0.0
2021-01-01,4.0,4.75,2.735,2.015,0.042774,0.0
2021-01-01,4.5,5.25,2.735,2.515,0.047586,0.0
2021-01-01,5.0,5.75,2.735,3.015,0.051782,0.0
2021-01-01,5.5,6.25,2.735,3.515,0.054938,0.0
2021-01-01,6.0,6.75,2.735,4.015,0.057424,0.0
2021-01-01,6.5,7.25,2.735,4.515,0.059271,0.0
2021-02-01,2.5,3.25,2.81,0.44,0.023464,0.00110423
2021-02-01,3.0,3.75,2.81,0.94,0.030147,0.00050041
2021-02-01,3.5,4.25,2.81,1.44,0.036479,9.736e-05
2021-02-01,4.0,4.75,2.81,1.94,0.042,2.322e-05
2021-02-01,4.5,5.25,2.81,2.44,0.046906,6.229e-05
2021-02-01,5.0,5.75,2.81,2.94,0.051208,9.653e-05
2021-02-01,5.5,6.25,2.81,3.44,0.054515,0.0
2021-02-01,6.0,6.75,2.81,3.94,0.057089,0.0
2021-02-01,6.5,7.25,2.81,4.44,0.059025,0.0
2021-03-01,2.5,3.25,3.0825,0.1675,0.019806,0.00292575
2021-03-01,3.0,3.75,3.0825,0.6675,0.026469,0.0014347
2021-03-01,3.5,4.25,3.0825,1.1675,0.033179,0.00037523
2021-03-01,4.0,4.75,3.0825,1.6675,0.039041,0.00036347
2021-03-01,4.5,5.25,3.0825,2.1675,0.044333,0.00036725
2021-03-01,5.0,5.75,3.0825,2.6675,0.048932,9.978e-05
2021-03-01,5.5,6.25,3.0825,3.1675,0.052825,0.0
2021-03-01,6.0,6.75,3.0825,3.6675,0.055758,0.0
2021-03-01,6.5,7.25,3.0825,4.1675,0.058051,0.0
2021-04-01,2.5,3.25,3.06,0.19,0.020102,0.00527436
2021-04-01,3.0,3.75,3.06,0.69,0.026766,0.00284283
2021-04-01,3.5,4.25,3.06,1.19,0.033471,0.0005087
2021-04-01,4.0,4.75,3.06,1.69,0.039289,0.00033239
2021-04-01,4.5,5.25,3.06,2.19,0.044553,0.0004774
2021-04-01,5.0,5.75,3.06,2.69,0.049132,0.00010429
2021-04-01,5.5,6.25,3.06,3.19,0.052973,0.00019516
2021-04-01,6.0,6.75,3.06,3.69,0.055874,0.0
2021-04-01,6.5,7.25,3.06,4.19,0.058138,0.0
2021-05-01,2.5,3.25,2.9625,0.2875,0.021415,0.00759293
2021-05-01,3.0,3.75,2.9625,0.7875,0.02808,0.00431817
2021-05-01,3.5,4.25,2.9625,1.2875,0.034688,0.00084525
2021-05-01,4.0,4.75,2.9625,1.7875,0.040368,0.00061475
2021-05-01,4.5,5.25,2.9625,2.2875,0.045479,0.00088061
2021-05-01,5.0,5.75,2.9625,2.7875,0.049974,0.00065239
2021-05-01,5.5,6.25,2.9625,3.2875,0.053591,0.0
2021-05-01,6.0,6.75,2.9625,3.7875,0.056364,0.0
2021-05-01,6.5,7.25,2.9625,4.2875,0.058496,0.0
2021-06-01,2.5,3.25,2.975,0.275,0.021246,0.01319853
2021-06-01,3.0,3.75,2.975,0.775,0.027908,0.00788673
2021-06-01,3.5,4.25,2.975,1.275,0.034539,0.00179439
2021-06-01,4.0,4.75,2.975,1.775,0.040229,0.0010804
2021-06-01,4.5,5.25,2.975,2.275,0.045361,0.00109031
2021-06-01,5.0,5.75,2.975,2.775,0.049869,0.00045171
2021-06-01,5.5,6.25,2.975,3.275,0.053514,0.0
2021-06-01,6.0,6.75,2.975,3.775,0.056302,0.0
2021-06-01,6.5,7.25,2.975,4.275,0.05845,0.0
2021-07-01,2.5,3.25,2.868,0.382,0.022691,0.01660564
2021-07-01,3.0,3.75,2.868,0.882,0.029361,0.01157229
2021-07-01,3.5,4.25,2.868,1.382,0.035809,0.00316227
2021-07-01,4.0,4.75,2.868,1.882,0.041392,0.00207115
2021-07-01,4.5,5.25,2.868,2.382,0.046368,0.00180934
2021-07-01,5.0,5.75,2.868,2.882,0.050753,0.00058739
2021-07-01,5.5,6.25,2.868,3.382,0.054171,0.0
2021-07-01,6.0,6.75,2.868,3.882,0.056821,0.0
2021-07-01,6.5,7.25,2.868,4.382,0.058827,0.0
2021-08-01,2.5,3.25,2.8425,0.4075,0.023031,0.02535391
2021-08-01,3.0,3.75,2.8425,0.9075,0.029706,0.01798121
2021-08-01,3.5,4.25,2.8425,1.4075,0.036105,0.00496135
2021-08-01,4.0,4.75,2.8425,1.9075,0.04166,0.00290912
2021-08-01,4.5,5.25,2.8425,2.4075,0.046607,0.00206524
2021-08-01,5.0,5.75,2.8425,2.9075,0.050954,0.00036555
2021-08-01,5.5,6.25,2.8425,3.4075,0.054323,0.0
2021-08-01,6.0,6.75,2.8425,3.9075,0.056941,0.0
2021-08-01,6.5,7.25,2.8425,4.4075,0.058915,0.0
2021-09-01,2.5,3.25,2.9,0.35,0.022258,0.03219384
2021-09-01,3.0,3.75,2.9,0.85,0.028928,0.02401777
2021-09-01,3.5,4.25,2.9,1.35,0.035432,0.00681901
2021-09-01,4.0,4.75,2.9,1.85,0.041049,0.00439003
2021-09-01,4.5,5.25,2.9,2.35,0.046068,0.00239464
2021-09-01,5.0,5.75,2.9,2.85,0.050493,0.00037998
2021-09-01,5.5,6.25,2.9,3.35,0.053977,0.0
2021-09-01,6.0,6.75,2.9,3.85,0.056668,0.0
2021-09-01,6.5,7.25,2.9,4.35,0.058716,0.0
2021-10-01,2.5,3.25,3.0675,0.1825,0.020003,0.03604178
2021-10-01,3.0,3.75,3.0675,0.6825,0.026667,0.03117692
2021-10-01,3.5,4.25,3.0675,1.1825,0.033374,0.00957617
2021-10-01,4.0,4.75,3.0675,1.6825,0.039207,0.00658455
2021-10-01,4.5,5.25,3.0675,2.1825,0.04448,0.0029448
2021-10-01,5.0,5.75,3.0675,2.6825,0.049065,0.00026249
2021-10-01,5.5,6.25,3.0675,3.1825,0.052923,0.0
2021-10-01,6.0,6.75,3.0675,3.6825,0.055835,0.0
2021-10-01,6.5,7.25,3.0675,4.1825,0.058109,0.0
2021-11-01,2.5,3.25,3.0675,0.1825,0.020003,0.03650194
2021-11-01,3.0,3.75,3.0675,0.6825,0.026667,0.03330325
2021-11-01,3.5,4.25,3.0675,1.1825,0.033374,0.01186151
2021-11-01,4.0,4.75,3.0675,1.6825,0.039207,0.00838831
2021-11-01,4.5,5.25,3.0675,2.1825,0.04448,0.00328957
2021-11-01,5.0,5.75,3.0675,2.6825,0.049065,0.00027199
2021-11-01,5.5,6.25,3.0675,3.1825,0.052923,0.00025407
2021-11-01,6.0,6.75,3.0675,3.6825,0.055835,0.0
2021-11-01,6.5,7.25,3.0675,4.1825,0.058109,0.0
2021-12-01,2.5,3.25,3.098,0.152,0.019606,0.09675448
2021-12-01,3.0,3.75,3.098,0.652,0.026267,0.17005337
2021-12-01,3.5,4.25,3.098,1.152,0.032979,0.26657054
2021-12-01,4.0,4.75,3.098,1.652,0.03887,0.31129263
2021-12-01,4.5,5.25,3.098,2.152,0.04418,0.33089312
2021-12-01,5.0,5.75,3.098,2.652,0.048795,0.33628552
2021-12-01,5.5,6.25,3.098,3.152,0.052722,0.34087339
2021-12-01,6.0,6.75,3.098,3.652,0.055678,0.35814297
2021-12-01,6.5,7.25,3.098,4.152,0.057991,0.0
2022-01-01,2.5,3.25,3.445,-0.195,0.015458,0.0
2022-01-01,3.0,3.75,3.445,0.305,0.021649,0.0
2022-01-01,3.5,4.25,3.445,0.805,0.028319,0.0
2022-01-01,4.0,4.75,3.445,1.305,0.034897,0.0
2022-01-01,4.5,5.25,3.445,1.805,0.040562,0.0
2022-01-01,5.0,5.75,3.445,2.305,0.045645,0.0
2022-01-01,5.5,6.25,3.445,2.805,0.050121,0.0
2022-01-01,6.0,6.75,3.445,3.305,0.053699,0.0
2022-01-01,6.5,7.25,3.445,3.805,0.05645,0.0
2022-02-01,2.5,3.25,3.7625,-0.5125,0.013189,0.00048595
2022-02-01,3.0,3.75,3.7625,-0.0125,0.017504,0.00097984
2022-02-01,3.5,4.25,3.7625,0.4875,0.024099,0.00090016
2022-02-01,4.0,4.75,3.7625,0.9875,0.030792,0.00052325
2022-02-01,4.5,5.25,3.7625,1.4875,0.037021,0.00026208
2022-02-01,5.0,5.75,3.7625,1.9875,0.042492,0.0
2022-02-01,5.5,6.25,3.7625,2.4875,0.04734,0.0
2022-02-01,6.0,6.75,3.7625,2.9875,0.051574,0.0
2022-02-01,6.5,7.25,3.7625,3.4875,0.054784,0.0
2022-03-01,2.5,3.25,4.172,-0.922,0.011663,0.0011437
2022-03-01,3.0,3.75,4.172,-0.422,0.013709,0.00229527
2022-03-01,3.5,4.25,4.172,0.078,0.018653,0.00213966
2022-03-01,4.0,4.75,4.172,0.578,0.025306,0.00132269
2022-03-01,4.5,5.25,4.172,1.078,0.032006,0.00039676
2022-03-01,5.0,5.75,4.172,1.578,0.038052,0.0
2022-03-01,5.5,6.25,4.172,2.078,0.043427,0.0
2022-03-01,6.0,6.75,4.172,2.578,0.048141,0.0
2022-03-01,6.5,7.25,4.172,3.078,0.052227,0.0
2022-04-01,2.5,3.25,4.9825,-1.7325,0.01024,0.00164287
2022-04-01,3.0,3.75,4.9825,-1.2325,0.010925,0.00353559
2022-04-01,3.5,4.25,4.9825,-0.7325,0.012217,0.00446426
2022-04-01,4.0,4.75,4.9825,-0.2325,0.01511,0.00300727
2022-04-01,4.5,5.25,4.9825,0.2675,0.021144,0.00106522
2022-04-01,5.0,5.75,4.9825,0.7675,0.027806,0.00015537
2022-04-01,5.5,6.25,4.9825,1.2675,0.034448,0.0
2022-04-01,6.0,6.75,4.9825,1.7675,0.040146,0.0
2022-04-01,6.5,7.25,4.9825,2.2675,0.04529,0.0
2022-05-01,2.5,3.25,5.23,-1.98,0.010183,0.00200229
2022-05-01,3.0,3.75,5.23,-1.48,0.010493,0.00413068
2022-05-01,3.5,4.25,5.23,-0.98,0.011508,0.00635621
2022-05-01,4.0,4.75,5.23,-0.48,0.013368,0.00507103
2022-05-01,4.5,5.25,5.23,0.02,0.017913,0.00336785
2022-05-01,5.0,5.75,5.23,0.52,0.024535,0.00134704
2022-05-01,5.5,6.25,5.23,1.02,0.031227,0.00102945
2022-05-01,6.0,6.75,5.23,1.52,0.037392,0.0
2022-05-01,6.5,7.25,5.23,2.02,0.042826,0.0
2022-06-01,2.5,3.25,5.522,-2.272,0.010232,0.00253994
2022-06-01,3.0,3.75,5.522,-1.772,0.010222,0.00515938
2022-06-01,3.5,4.25,5.522,-1.272,0.010847,0.00845275
2022-06-01,4.0,4.75,5.522,-0.772,0.012089,0.00771712
2022-06-01,4.5,5.25,5.522,-0.272,0.014763,0.00664566
2022-06-01,5.0,5.75,5.522,0.228,0.02061,0.00527343
2022-06-01,5.5,6.25,5.522,0.728,0.027271,0.00515655
2022-06-01,6.0,6.75,5.522,1.228,0.03396,0.0033375
2022-06-01,6.5,7.25,5.522,1.728,0.039712,0.0
2022-07-01,2.5,3.25,5.4125,-2.1625,0.010202,0.0024143
2022-07-01,3.0,3.75,5.4125,-1.6625,0.010285,0.00500861
2022-07-01,3.5,4.25,5.4125,-1.1625,0.011079,0.0089265
2022-07-01,4.0,4.75,5.4125,-0.6625,0.012472,0.00897342
2022-07-01,4.5,5.25,5.4125,-0.1625,0.01577,0.00936111
2022-07-01,5.0,5.75,5.4125,0.3375,0.022088,0.01236292
2022-07-01,5.5,6.25,5.4125,0.8375,0.028759,0.01560925
2022-07-01,6.0,6.75,5.4125,1.3375,0.035284,0.00969983
2022-07-01,6.5,7.25,5.4125,1.8375,0.040915,0.01543378
2022-08-01,2.5,3.25,5.2225,-1.9725,0.010184,0.00260622
2022-08-01,3.0,3.75,5.2225,-1.4725,0.010504,0.00597655
2022-08-01,3.5,4.25,5.2225,-0.9725,0.011528,0.00982246
2022-08-01,4.0,4.75,5.2225,-0.4725,0.01341,0.01090058
2022-08-01,4.5,5.25,5.2225,0.0275,0.018009,0.01179655
2022-08-01,5.0,5.75,5.2225,0.5275,0.024635,0.01817212
2022-08-01,5.5,6.25,5.2225,1.0275,0.031327,0.02226333
2022-08-01,6.0,6.75,5.2225,1.5275,0.037478,0.02415584
2022-08-01,6.5,7.25,5.2225,2.0275,0.042903,0.01750928
2022-09-01,2.5,3.25,6.112,-2.862,0.010408,0.00266671
2022-09-01,3.0,3.75,6.112,-2.362,0.010263,0.0060871
2022-09-01,3.5,4.25,6.112,-1.862,0.0102,0.01056672
2022-09-01,4.0,4.75,6.112,-1.362,0.010684,0.01075918
2022-09-01,4.5,5.25,6.112,-0.862,0.011827,0.01145491
2022-09-01,5.0,5.75,6.112,-0.362,0.014091,0.01961559
2022-09-01,5.5,6.25,6.112,0.138,0.019427,0.02873574
2022-09-01,6.0,6.75,6.112,0.638,0.026086,0.04561406
2022-09-01,6.5,7.25,6.112,1.138,0.032797,0.04790124
2022-10-01,2.5,3.25,6.9,-3.65,0.010684,0.00252898
2022-10-01,3.0,3.75,6.9,-3.15,0.010512,0.00518571
2022-10-01,3.5,4.25,6.9,-2.65,0.010338,0.01032184
2022-10-01,4.0,4.75,6.9,-2.15,0.010199,0.01036845
2022-10-01,4.5,5.25,6.9,-1.65,0.010295,0.01175525
2022-10-01,5.0,5.75,6.9,-1.15,0.011108,0.01728689
2022-10-01,5.5,6.25,6.9,-0.65,0.012525,0.02525975
2022-10-01,6.0,6.75,6.9,-0.15,0.015897,0.03917165
2022-10-01,6.5,7.25,6.9,0.35,0.022258,0.03560586
2022-11-01,2.5,3.25,6.805,-3.555,0.010659,0.00214284
2022-11-01,3.0,3.75,6.805,-3.055,0.010477,0.00486522
2022-11-01,3.5,4.25,6.805,-2.555,0.010308,0.00883488
2022-11-01,4.0,4.75,6.805,-2.055,0.010184,0.00969069
2022-11-01,4.5,5.25,6.805,-1.555,0.010392,0.01120898
2022-11-01,5.0,5.75,6.805,-1.055,0.011323,0.01761973
2022-11-01,5.5,6.25,6.805,-0.555,0.012973,0.02445931
2022-11-01,6.0,6.75,6.805,-0.055,0.01698,0.02799557
2022-11-01,6.5,7.25,6.805,0.445,0.02353,0.02351481
2022-12-01,2.5,3.25,6.364,-3.114,0.0105,0.03327554
2022-12-01,3.0,3.75,6.364,-2.614,0.010326,0.04322258
2022-12-01,3.5,4.25,6.364,-2.114,0.010192,0.05088373
2022-12-01,4.0,4.75,6.364,-1.614,0.010327,0.06201109
2022-12-01,4.5,5.25,6.364,-1.114,0.011186,0.0538408
2022-12-01,5.0,5.75,6.364,-0.614,0.012688,0.04210933
2022-12-01,5.5,6.25,6.364,-0.114,0.016288,0.04049844
2022-12-01,6.0,6.75,6.364,0.386,0.022744,0.03284858
2022-12-01,6.5,7.25,6.364,0.886,0.029415,0.03179766
2023-01-01,2.5,3.25,6.2725,-3.0225,0.010465,0.0
2023-01-01,3.0,3.75,6.2725,-2.5225,0.010301,0.0
2023-01-01,3.5,4.25,6.2725,-2.0225,0.010183,0.0
2023-01-01,4.0,4.75,6.2725,-1.5225,0.010435,0.0
2023-01-01,4.5,5.25,6.2725,-1.0225,0.011402,0.0
2023-01-01,5.0,5.75,6.2725,-0.5225,0.013135,0.0
2023-01-01,5.5,6.25,6.2725,-0.0225,0.017378,0.0
2023-01-01,6.0,6.75,6.2725,0.4775,0.023965,0.0
2023-01-01,6.5,7.25,6.2725,0.9775,0.030657,0.0
2023-02-01,2.5,3.25,6.2575,-3.0075,0.010459,0.0
2023-02-01,3.0,3.75,6.2575,-2.5075,0.010298,0.0
2023-02-01,3.5,4.25,6.2575,-2.0075,0.010183,1.035e-05
2023-02-01,4.0,4.75,6.2575,-1.5075,0.010456,5.667e-05
2023-02-01,4.5,5.25,6.2575,-1.0075,0.011439,0.0001032
2023-02-01,5.0,5.75,6.2575,-0.5075,0.013216,0.00030598
2023-02-01,5.5,6.25,6.2575,-0.0075,0.017567,0.00169228
2023-02-01,6.0,6.75,6.2575,0.4925,0.024166,0.00609185
2023-02-01,6.5,7.25,6.2575,0.9925,0.030859,0.01269231
2023-03-01,2.5,3.25,6.544,-3.294,0.010567,0.0
2023-03-01,3.0,3.75,6.544,-2.794,0.010385,0.0
2023-03-01,3.5,4.25,6.544,-2.294,0.010239,3.115e-05
2023-03-01,4.0,4.75,6.544,-1.794,0.010215,0.0001706
2023-03-01,4.5,5.25,6.544,-1.294,0.010806,0.00022625
2023-03-01,5.0,5.75,6.544,-0.794,0.012023,0.00081046
2023-03-01,5.5,6.25,6.544,-0.294,0.014576,0.00492622
2023-03-01,6.0,6.75,6.544,0.206,0.020316,0.01136741
2023-03-01,6.5,7.25,6.544,0.706,0.026979,0.01977073
2023-04-01,2.5,3.25,6.3425,-3.0925,0.010492,0.0
2023-04-01,3.0,3.75,6.3425,-2.5925,0.010319,0.0
2023-04-01,3.5,4.25,6.3425,-2.0925,0.010188,5.219e-05
2023-04-01,4.0,4.75,6.3425,-1.5925,0.010349,2.861e-05
2023-04-01,4.5,5.25,6.3425,-1.0925,0.011235,0.0003724
2023-04-01,5.0,5.75,6.3425,-0.5925,0.012789,0.00145701
2023-04-01,5.5,6.25,6.3425,-0.0925,0.016535,0.00743605
2023-04-01,6.0,6.75,6.3425,0.4075,0.023031,0.01996344
2023-04-01,6.5,7.25,6.3425,0.9075,0.029706,0.02770885
2023-05-01,2.5,3.25,6.425,-3.175,0.010522,0.0
2023-05-01,3.0,3.75,6.425,-2.675,0.010347,0.0
2023-05-01,3.5,4.25,6.425,-2.175,0.010206,5.244e-05
2023-05-01,4.0,4.75,6.425,-1.675,0.010276,8.633e-05
2023-05-01,4.5,5.25,6.425,-1.175,0.011052,0.00066545
2023-05-01,5.0,5.75,6.425,-0.675,0.012421,0.00133431
2023-05-01,5.5,6.25,6.425,-0.175,0.015648,0.00857247
2023-05-01,6.0,6.75,6.425,0.325,0.021919,0.02235796
2023-05-01,6.5,7.25,6.425,0.825,0.02859,0.04145281
2023-06-01,2.5,3.25,6.714,-3.464,0.010631,0.0
2023-06-01,3.0,3.75,6.714,-2.964,0.010442,0.0
2023-06-01,3.5,4.25,6.714,-2.464,0.010289,1.055e-05
2023-06-01,4.0,4.75,6.714,-1.964,0.010185,8.693e-05
2023-06-01,4.5,5.25,6.714,-1.464,0.010516,0.00066979
2023-06-01,5.0,5.75,6.714,-0.964,0.01155,0.00194659
2023-06-01,5.5,6.25,6.714,-0.464,0.013459,0.00882199
2023-06-01,6.0,6.75,6.714,0.036,0.018117,0.02137649
2023-06-01,6.5,7.25,6.714,0.536,0.024748,0.03176035
2023-07-01,2.5,3.25,6.84,-3.59,0.010668,0.0
2023-07-01,3.0,3.75,6.84,-3.09,0.010491,7.62e-06
2023-07-01,3.5,4.25,6.84,-2.59,0.010318,3.185e-05
2023-07-01,4.0,4.75,6.84,-2.09,0.010188,0.00011671
2023-07-01,4.5,5.25,6.84,-1.59,0.010351,0.00058986
2023-07-01,5.0,5.75,6.84,-1.09,0.011241,0.00221851
2023-07-01,5.5,6.25,6.84,-0.59,0.012801,0.0089517
2023-07-01,6.0,6.75,6.84,-0.09,0.016564,0.01971937
2023-07-01,6.5,7.25,6.84,0.41,0.023064,0.03044339
2023-08-01,2.5,3.25,7.072,-3.822,0.010724,0.0
2023-08-01,3.0,3.75,7.072,-3.322,0.010579,1.532e-05
2023-08-01,3.5,4.25,7.072,-2.822,0.010395,3.202e-05
2023-08-01,4.0,4.75,7.072,-2.322,0.010249,8.804e-05
2023-08-01,4.5,5.25,7.072,-1.822,0.010208,0.00033903
2023-08-01,5.0,5.75,7.072,-1.322,0.010755,0.00236062
2023-08-01,5.5,6.25,7.072,-0.822,0.011941,0.01094088
2023-08-01,6.0,6.75,7.072,-0.322,0.014364,0.02587187
2023-08-01,6.5,7.25,7.072,0.178,0.019944,0.03731942
2023-09-01,2.5,3.25,7.2,-3.95,0.010728,0.0
2023-09-01,3.0,3.75,7.2,-3.45,0.010627,0.0
2023-09-01,3.5,4.25,7.2,-2.95,0.010437,3.22e-05
2023-09-01,4.0,4.75,7.2,-2.45,0.010286,0.00011815
2023-09-01,4.5,5.25,7.2,-1.95,0.010186,0.00046906
2023-09-01,5.0,5.75,7.2,-1.45,0.010537,0.00224211
2023-09-01,5.5,6.25,7.2,-0.95,0.011588,0.01008615
2023-09-01,6.0,6.75,7.2,-0.45,0.013541,0.02460986
2023-09-01,6.5,7.25,7.2,0.05,0.018296,0.03138924
2023-10-01,2.5,3.25,7.62,-4.37,0.010698,2.61e-06
2023-10-01,3.0,3.75,7.62,-3.87,0.01073,0.0
2023-10-01,3.5,4.25,7.62,-3.37,0.010599,1.078e-05
2023-10-01,4.0,4.75,7.62,-2.87,0.01041,8.911e-05
2023-10-01,4.5,5.25,7.62,-2.37,0.010266,0.00047155
2023-10-01,5.0,5.75,7.62,-1.87,0.010199,0.00225302
2023-10-01,5.5,6.25,7.62,-1.37,0.010669,0.01197542
2023-10-01,6.0,6.75,7.62,-0.87,0.011805,0.0248268
2023-10-01,6.5,7.25,7.62,-0.37,0.014038,0.02864506
2023-11-01,2.5,3.25,7.442,-4.192,0.010702,0.0
2023-11-01,3.0,3.75,7.442,-3.692,0.010693,0.0
2023-11-01,3.5,4.25,7.442,-3.192,0.010528,2.167e-05
2023-11-01,4.0,4.75,7.442,-2.692,0.010353,5.972e-05
2023-11-01,4.5,5.25,7.442,-2.192,0.010211,0.00081897
2023-11-01,5.0,5.75,7.442,-1.692,0.010264,0.00164346
2023-11-01,5.5,6.25,7.442,-1.192,0.011014,0.00947653
2023-11-01,6.0,6.75,7.442,-0.692,0.012357,0.02259466
2023-11-01,6.5,7.25,7.442,-0.192,0.015486,0.02370972
2023-12-01,2.5,3.25,6.815,-3.565,0.010661,0.03107659
2023-12-01,3.0,3.75,6.815,-3.065,0.010481,0.03907288
2023-12-01,3.5,4.25,6.815,-2.565,0.010311,0.04571374
2023-12-01,4.0,4.75,6.815,-2.065,0.010184,0.05368414
2023-12-01,4.5,5.25,6.815,-1.565,0.01038,0.05203253
2023-12-01,5.0,5.75,6.815,-1.065,0.0113,0.0459088
2023-12-01,5.5,6.25,6.815,-0.565,0.012924,0.05129614
2023-12-01,6.0,6.75,6.815,-0.065,0.01686,0.05263561
2023-12-01,6.5,7.25,6.815,0.435,0.023397,0.05928341
2024-01-01,2.5,3.25,6.6425,-3.3925,0.010608,0.0
2024-01-01,3.0,3.75,6.6425,-2.8925,0.010417,0.0
2024-01-01,3.5,4.25,6.6425,-2.3925,0.010273,0.0
2024-01-01,4.0,4.75,6.6425,-1.8925,0.010194,0.0
2024-01-01,4.5,5.25,6.6425,-1.3925,0.010629,0.0
2024-01-01,5.0,5.75,6.6425,-0.8925,0.011743,0.0
2024-01-01,5.5,6.25,6.6425,-0.3925,0.013892,0.0
2024-01-01,6.0,6.75,6.6425,0.1075,0.019032,0.0
2024-01-01,6.5,7.25,6.6425,0.6075,0.025692,0.0
2024-02-01,2.5,3.25,6.776,-3.526,0.010651,0.0
2024-02-01,3.0,3.75,6.776,-3.026,0.010466,0.0
2024-02-01,3.5,4.25,6.776,-2.526,0.010302,0.0
2024-02-01,4.0,4.75,6.776,-2.026,0.010184,0.0
2024-02-01,4.5,5.25,6.776,-1.526,0.010431,0.0
2024-02-01,5.0,5.75,6.776,-1.026,0.011393,0.0
2024-02-01,5.5,6.25,6.776,-0.526,0.013117,0.0
2024-02-01,6.0,6.75,6.776,-0.026,0.017335,0.0
2024-02-01,6.5,7.25,6.776,0.474,0.023918,0.0
2024-03-01,2.5,3.25,6.82,-3.57,0.010662,0.0
2024-03-01,3.0,3.75,6.82,-3.07,0.010483,0.0
2024-03-01,3.5,4.25,6.82,-2.57,0.010312,0.0
2024-03-01,4.0,4.75,6.82,-2.07,0.010185,0.0
2024-03-01,4.5,5.25,6.82,-1.57,0.010373,0.0
2024-03-01,5.0,5.75,6.82,-1.07,0.011288,0.0
2024-03-01,5.5,6.25,6.82,-0.57,0.0129,0.0
2024-03-01,6.0,6.75,6.82,-0.07,0.0168,0.0
2024-03-01,6.5,7.25,6.82,0.43,0.023331,0.0
2024-04-01,2.5,3.25,6.9925,-3.7425,0.010706,0.0
2024-04-01,3.0,3.75,6.9925,-3.2425,0.010546,0.0
2024-04-01,3.5,4.25,6.9925,-2.7425,0.010369,0.0
2024-04-01,4.0,4.75,6.9925,-2.2425,0.010224,0.0
2024-04-01,4.5,5.25,6.9925,-1.7425,0.010236,0.0
2024-04-01,5.0,5.75,6.9925,-1.2425,0.010904,0.0
2024-04-01,5.5,6.25,6.9925,-0.7425,0.012183,0.0
2024-04-01,6.0,6.75,6.9925,-0.2425,0.015021,0.0
2024-04-01,6.5,7.25,6.9925,0.2575,0.021009,0.0
2024-05-01,2.5,3.25,7.06,-3.81,0.010722,0.0
2024-05-01,3.0,3.75,7.06,-3.31,0.010574,0.0
2024-05-01,3.5,4.25,7.06,-2.81,0.01039,0.0
2024-05-01,4.0,4.75,7.06,-2.31,0.010245,0.0
2024-05-01,4.5,5.25,7.06,-1.81,0.010211,0.0
2024-05-01,5.0,5.75,7.06,-1.31,0.010777,0.0
2024-05-01,5.5,6.25,7.06,-0.81,0.011976,0.0
2024-05-01,6.0,6.75,7.06,-0.31,0.014451,0.0
2024-05-01,6.5,7.25,7.06,0.19,0.020102,0.0
2024-06-01,2.5,3.25,6.9175,-3.6675,0.010687,0.0
2024-06-01,3.0,3.75,6.9175,-3.1675,0.010519,0.0
2024-06-01,3.5,4.25,6.9175,-2.6675,0.010344,0.0
2024-06-01,4.0,4.75,6.9175,-2.1675,0.010204,0.0
2024-06-01,4.5,5.25,6.9175,-1.6675,0.010282,0.0
2024-06-01,5.0,5.75,6.9175,-1.1675,0.011068,0.0
2024-06-01,5.5,6.25,6.9175,-0.6675,0.012452,0.0
2024-06-01,6.0,6.75,6.9175,-0.1675,0.01572,0.0
2024-06-01,6.5,7.25,6.9175,0.3325,0.02202,0.0
2024-07-01,2.5,3.25,6.8475,-3.5975,0.01067,0.0
2024-07-01,3.0,3.75,6.8475,-3.0975,0.010494,0.0
2024-07-01,3.5,4.25,6.8475,-2.5975,0.010321,0.0
2024-07-01,4.0,4.75,6.8475,-2.0975,0.010189,0.0
2024-07-01,4.5,5.25,6.8475,-1.5975,0.010344,0.0
2024-07-01,5.0,5.75,6.8475,-1.0975,0.011223,0.0
2024-07-01,5.5,6.25,6.8475,-0.5975,0.012765,0.0
2024-07-01,6.0,6.75,6.8475,-0.0975,0.016477,0.0
2024-07-01,6.5,7.25,6.8475,0.4025,0.022964,0.0
2024-08-01,2.5,3.25,6.5,-3.25,0.010549,0.0
2024-08-01,3.0,3.75,6.5,-2.75,0.010371,0.0
2024-08-01,3.5,4.25,6.5,-2.25,0.010226,0.0
2024-08-01,4.0,4.75,6.5,-1.75,0.010232,0.0
2024-08-01,4.5,5.25,6.5,-1.25,0.01089,0.0
2024-08-01,5.0,5.75,6.5,-0.75,0.012157,0.0
2024-08-01,5.5,6.25,6.5,-0.25,0.014955,0.0
2024-08-01,6.0,6.75,6.5,0.25,0.020907,0.0
2024-08-01,6.5,7.25,6.5,0.75,0.027567,0.0
2024-09-01,2.5,3.25,6.18,-2.93,0.01043,0.0
2024-09-01,3.0,3.75,6.18,-2.43,0.010281,0.0
2024-09-01,3.5,4.25,6.18,-1.93,0.010189,0.0
2024-09-01,4.0,4.75,6.18,-1.43,0.010569,0.0
2024-09-01,4.5,5.25,6.18,-0.93,0.011641,0.0
2024-09-01,5.0,5.75,6.18,-0.43,0.01366,0.0
2024-09-01,5.5,6.25,6.18,0.07,0.018552,0.0
2024-09-01,6.0,6.75,6.18,0.57,0.025199,0.0
2024-09-01,6.5,7.25,6.18,1.07,0.031898,0.0
2024-10-01,2.5,3.25,6.428,-3.178,0.010523,0.0
2024-10-01,3.0,3.75,6.428,-2.678,0.010348,0.0
2024-10-01,3.5,4.25,6.428,-2.178,0.010206,0.0
2024-10-01,4.0,4.75,6.428,-1.678,0.010274,0.0
2024-10-01,4.5,5.25,6.428,-1.178,0.011045,0.0
2024-10-01,5.0,5.75,6.428,-0.678,0.012409,0.0
2024-10-01,5.5,6.25,6.428,-0.178,0.015619,0.0
2024-10-01,6.0,6.75,6.428,0.322,0.021878,0.0
2024-10-01,6.5,7.25,6.428,0.822,0.028549,0.0
2024-11-01,2.5,3.25,6.805,-3.555,0.010659,0.0
2024-11-01,3.0,3.75,6.805,-3.055,0.010477,0.0
2024-11-01,3.5,4.25,6.805,-2.555,0.010308,0.0
2024-11-01,4.0,4.75,6.805,-2.055,0.010184,0.0
2024-11-01,4.5,5.25,6.805,-1.555,0.010392,0.0
2024-11-01,5.0,5.75,6.805,-1.055,0.011323,0.0
2024-11-01,5.5,6.25,6.805,-0.555,0.012973,0.0
2024-11-01,6.0,6.75,6.805,-0.055,0.01698,0.0
2024-11-01,6.5,7.25,6.805,0.445,0.02353,0.0
2024-12-01,2.5,3.25,6.715,-3.465,0.010632,0.04109892
2024-12-01,3.0,3.75,6.715,-2.965,0.010443,0.05141185
2024-12-01,3.5,4.25,6.715,-2.465,0.010289,0.05949337
2024-12-01,4.0,4.75,6.715,-1.965,0.010185,0.06518327
2024-12-01,4.5,5.25,6.715,-1.465,0.010514,0.06633337
2024-12-01,5.0,5.75,6.715,-0.965,0.011547,0.06651464
2024-12-01,5.5,6.25,6.715,-0.465,0.013453,0.07742004
2024-12-01,6.0,6.75,6.715,0.035,0.018105,0.08580641
2024-12-01,6.5,7.25,6.715,0.535,0.024734,0.11077757
2025-01-01,2.5,3.25,6.958,-3.708,0.010697,0.0
2025-01-01,3.0,3.75,6.958,-3.208,0.010534,0.0
2025-01-01,3.5,4.25,6.958,-2.708,0.010358,0.0
2025-01-01,4.0,4.75,6.958,-2.208,0.010216,0.0
2025-01-01,4.5,5.25,6.958,-1.708,0.010254,0.0
2025-01-01,5.0,5.75,6.958,-1.208,0.010978,0.0
2025-01-01,5.5,6.25,6.958,-0.708,0.012299,0.0
2025-01-01,6.0,6.75,6.958,-0.208,0.015336,0.0
2025-01-01,6.5,7.25,6.958,0.292,0.021475,0.0
2025-02-01,2.5,3.25,6.8425,-3.5925,0.010668,0.0
2025-02-01,3.0,3.75,6.8425,-3.0925,0.010492,0.0
2025-02-01,3.5,4.25,6.8425,-2.5925,0.010319,0.0
2025-02-01,4.0,4.75,6.8425,-2.0925,0.010188,0.0
2025-02-01,4.5,5.25,6.8425,-1.5925,0.010349,0.0
2025-02-01,5.0,5.75,6.8425,-1.0925,0.011235,0.0
2025-02-01,5.5,6.25,6.8425,-0.5925,0.012789,0.0
2025-02-01,6.0,6.75,6.8425,-0.0925,0.016535,0.0
2025-02-01,6.5,7.25,6.8425,0.4075,0.023031,0.0
2025-03-01,2.5,3.25,6.65,-3.4,0.01061,0.0
2025-03-01,3.0,3.75,6.65,-2.9,0.010419,0.0
2025-03-01,3.5,4.25,6.65,-2.4,0.010275,0.0
2025-03-01,4.0,4.75,6.65,-1.9,0.010193,0.0
2025-03-01,4.5,5.25,6.65,-1.4,0.010617,0.0
2025-03-01,5.0,5.75,6.65,-0.9,0.011723,0.0
2025-03-01,5.5,6.25,6.65,-0.4,0.013845,0.0
2025-03-01,6.0,6.75,6.65,0.1,0.018935,0.0
2025-03-01,6.5,7.25,6.65,0.6,0.025594,0.0
2025-04-01,2.5,3.25,6.725,-3.475,0.010635,0.0
2025-04-01,3.0,3.75,6.725,-2.975,0.010447,0.0
2025-04-01,3.5,4.25,6.725,-2.475,0.010291,0.0
2025-04-01,4.0,4.75,6.725,-1.975,0.010184,0.0
2025-04-01,4.5,5.25,6.725,-1.475,0.0105,0.0
2025-04-01,5.0,5.75,6.725,-0.975,0.011521,0.0
2025-04-01,5.5,6.25,6.725,-0.475,0.013396,0.0
2025-04-01,6.0,6.75,6.725,0.025,0.017977,0.0
2025-04-01,6.5,7.25,6.725,0.525,0.024601,0.0
2025-05-01,2.5,3.25,6.816,-3.566,0.010662,0.0
2025-05-01,3.0,3.75,6.816,-3.066,0.010482,0.0
2025-05-01,3.5,4.25,6.816,-2.566,0.010311,0.0
2025-05-01,4.0,4.75,6.816,-2.066,0.010184,0.0
2025-05-01,4.5,5.25,6.816,-1.566,0.010378,0.0
2025-05-01,5.0,5.75,6.816,-1.066,0.011298,0.0
2025-05-01,5.5,6.25,6.816,-0.566,0.012919,0.0
2025-05-01,6.0,6.75,6.816,-0.066,0.016848,0.0
2025-05-01,6.5,7.25,6.816,0.434,0.023384,0.0
2025-06-01,2.5,3.25,6.8175,-3.5675,0.010662,0.0
2025-06-01,3.0,3.75,6.8175,-3.0675,0.010482,0.0
2025-06-01,3.5,4.25,6.8175,-2.5675,0.010312,0.0
2025-06-01,4.0,4.75,6.8175,-2.0675,0.010185,0.0
2025-06-01,4.5,5.25,6.8175,-1.5675,0.010376,0.0
2025-06-01,5.0,5.75,6.8175,-1.0675,0.011294,0.0
2025-06-01,5.5,6.25,6.8175,-0.5675,0.012912,0.0
2025-06-01,6.0,6.75,6.8175,-0.0675,0.01683,0.0
2025-06-01,6.5,7.25,6.8175,0.4325,0.023364,0.0
2025-07-01,2.5,3.25,6.72,-3.47,0.010634,0.0
2025-07-01,3.0,3.75,6.72,-2.97,0.010445,0.0
2025-07-01,3.5,4.25,6.72,-2.47,0.01029,0.0
2025-07-01,4.0,4.75,6.72,-1.97,0.010184,0.0
2025-07-01,4.5,5.25,6.72,-1.47,0.010507,0.0
2025-07-01,5.0,5.75,6.72,-0.97,0.011534,0.0
2025-07-01,5.5,6.25,6.72,-0.47,0.013425,0.0
2025-07-01,6.0,6.75,6.72,0.03,0.018041,0.0
2025-07-01,6.5,7.25,6.72,0.53,0.024668,0.0
2025-08-01,2.5,3.25,6.5875,-3.3375,0.010585,0.0
2025-08-01,3.0,3.75,6.5875,-2.8375,0.0104,0.0
2025-08-01,3.5,4.25,6.5875,-2.3375,0.010255,0.0
2025-08-01,4.0,4.75,6.5875,-1.8375,0.010204,0.0
2025-08-01,4.5,5.25,6.5875,-1.3375,0.010728,0.0
2025-08-01,5.0,5.75,6.5875,-0.8375,0.011896,0.0
2025-08-01,5.5,6.25,6.5875,-0.3375,0.014256,0.0
2025-08-01,6.0,6.75,6.5875,0.1625,0.019741,0.0
2025-08-01,6.5,7.25,6.5875,0.6625,0.026403,0.0
2025-09-01,2.5,3.25,6.3525,-3.1025,0.010495,0.0
2025-09-01,3.0,3.75,6.3525,-2.6025,0.010322,0.0
2025-09-01,3.5,4.25,6.3525,-2.1025,0.01019,0.0
2025-09-01,4.0,4.75,6.3525,-1.6025,0.010338,0.0
2025-09-01,4.5,5.25,6.3525,-1.1025,0.011211,0.0
2025-09-01,5.0,5.75,6.3525,-0.6025,0.012741,0.0
2025-09-01,5.5,6.25,6.3525,-0.1025,0.016419,0.0
2025-09-01,6.0,6.75,6.3525,0.3975,0.022898,0.0
2025-09-01,6.5,7.25,6.3525,0.8975,0.029571,0.0
2025-10-01,2.5,3.25,6.254,-3.004,0.010458,0.0
2025-10-01,3.0,3.75,6.254,-2.504,0.010297,0.0
2025-10-01,3.5,4.25,6.254,-2.004,0.010183,0.0
2025-10-01,4.0,4.75,6.254,-1.504,0.01046,0.0
2025-10-01,4.5,5.25,6.254,-1.004,0.011448,0.0
2025-10-01,5.0,5.75,6.254,-0.504,0.013235,0.0
2025-10-01,5.5,6.25,6.254,-0.004,0.017611,0.0
2025-10-01,6.0,6.75,6.254,0.496,0.024213,0.0
2025-10-01,6.5,7.25,6.254,0.996,0.030906,0.0
2025-11-01,2.5,3.25,6.2375,-2.9875,0.010451,0.0
2025-11-01,3.0,3.75,6.2375,-2.4875,0.010294,0.0
2025-11-01,3.5,4.25,6.2375,-1.9875,0.010183,0.0
2025-11-01,4.0,4.75,6.2375,-1.4875,0.010483,0.0
2025-11-01,4.5,5.25,6.2375,-0.9875,0.011489,0.0
2025-11-01,5.0,5.75,6.2375,-0.4875,0.013326,0.0
2025-11-01,5.5,6.25,6.2375,0.0125,0.017819,0.0
2025-11-01,6.0,6.75,6.2375,0.5125,0.024434,0.0
2025-11-01,6.5,7.25,6.2375,1.0125,0.031126,0.0
2025-12-01,2.5,3.25,6.19,-2.94,0.010433,0.05248006
2025-12-01,3.0,3.75,6.19,-2.44,0.010283,0.05520354
2025-12-01,3.5,4.25,6.19,-1.94,0.010187,0.06245233
2025-12-01,4.0,4.75,6.19,-1.44,0.010553,0.07065247
2025-12-01,4.5,5.25,6.19,-0.94,0.011615,0.06943534
2025-12-01,5.0,5.75,6.19,-0.44,0.0136,0.07186988
2025-12-01,5.5,6.25,6.19,0.06,0.018424,0.08695277
2025-12-01,6.0,6.75,6.19,0.56,0.025067,0.11731031
2025-12-01,6.5,7.25,6.19,1.06,0.031763,0.18666082
