coupon_bucket,implied_mbs_coupon,month,n_atrisk,n_prepay,smm,cpr,date
1.5,1.0,12022,24,0,0.0,0.0,2022-01-01
1.5,1.0,12023,26,0,0.0,0.0,2023-01-01
1.5,1.0,12024,26,0,0.0,0.0,2024-01-01
1.5,1.0,12025,25,0,0.0,0.0,2025-01-01
1.5,1.0,22022,24,0,0.0,0.0,2022-02-01
1.5,1.0,22023,26,0,0.0,0.0,2023-02-01
1.5,1.0,22024,26,0,0.0,0.0,2024-02-01
1.5,1.0,22025,25,0,0.0,0.0,2025-02-01
1.5,1.0,32021,4,0,0.0,0.0,2021-03-01
1.5,1.0,32022,24,0,0.0,0.0,2022-03-01
1.5,1.0,32023,26,0,0.0,0.0,2023-03-01
1.5,1.0,32024,26,0,0.0,0.0,2024-03-01
1.5,1.0,32025,25,0,0.0,0.0,2025-03-01
1.5,1.0,42021,4,0,0.0,0.0,2021-04-01
1.5,1.0,42022,26,0,0.0,0.0,2022-04-01
1.5,1.0,42023,26,0,0.0,0.0,2023-04-01
1.5,1.0,42024,26,0,0.0,0.0,2024-04-01
1.5,1.0,42025,25,0,0.0,0.0,2025-04-01
1.5,1.0,52021,5,0,0.0,0.0,2021-05-01
1.5,1.0,52022,26,0,0.0,0.0,2022-05-01
1.5,1.0,52023,26,0,0.0,0.0,2023-05-01
1.5,1.0,52024,26,0,0.0,0.0,2024-05-01
1.5,1.0,52025,25,0,0.0,0.0,2025-05-01
1.5,1.0,62021,5,0,0.0,0.0,2021-06-01
1.5,1.0,62022,26,0,0.0,0.0,2022-06-01
1.5,1.0,62023,26,0,0.0,0.0,2023-06-01
1.5,1.0,62024,26,0,0.0,0.0,2024-06-01
1.5,1.0,62025,25,0,0.0,0.0,2025-06-01
1.5,1.0,72021,5,0,0.0,0.0,2021-07-01
1.5,1.0,72022,26,0,0.0,0.0,2022-07-01
1.5,1.0,72023,26,0,0.0,0.0,2023-07-01
1.5,1.0,72024,25,0,0.0,0.0,2024-07-01
1.5,1.0,72025,25,0,0.0,0.0,2025-07-01
1.5,1.0,82021,9,0,0.0,0.0,2021-08-01
1.5,1.0,82022,26,0,0.0,0.0,2022-08-01
1.5,1.0,82023,26,0,0.0,0.0,2023-08-01
1.5,1.0,82024,25,0,0.0,0.0,2024-08-01
1.5,1.0,82025,25,0,0.0,0.0,2025-08-01
1.5,1.0,92021,18,0,0.0,0.0,2021-09-01
1.5,1.0,92022,26,0,0.0,0.0,2022-09-01
1.5,1.0,92023,26,0,0.0,0.0,2023-09-01
1.5,1.0,92024,25,0,0.0,0.0,2024-09-01
1.5,1.0,92025,25,0,0.0,0.0,2025-09-01
1.5,1.0,102021,19,0,0.0,0.0,2021-10-01
1.5,1.0,102022,26,0,0.0,0.0,2022-10-01
1.5,1.0,102023,26,0,0.0,0.0,2023-10-01
1.5,1.0,102024,25,0,0.0,0.0,2024-10-01
1.5,1.0,102025,4,0,0.0,0.0,2025-10-01
1.5,1.0,112021,21,0,0.0,0.0,2021-11-01
1.5,1.0,112022,26,0,0.0,0.0,2022-11-01
1.5,1.0,112023,26,0,0.0,0.0,2023-11-01
1.5,1.0,112024,25,0,0.0,0.0,2024-11-01
1.5,1.0,112025,4,0,0.0,0.0,2025-11-01
1.5,1.0,122021,23,0,0.0,0.0,2021-12-01
1.5,1.0,122022,26,0,0.0,0.0,2022-12-01
1.5,1.0,122023,26,0,0.0,0.0,2023-12-01
1.5,1.0,122024,25,0,0.0,0.0,2024-12-01
1.5,1.0,122025,4,0,0.0,0.0,2025-12-01
2.0,1.5,12020,27,0,0.0,0.0,2020-01-01
2.0,1.5,12021,135867,0,0.0,0.0,2021-01-01
2.0,1.5,12022,490212,0,0.0,0.0,2022-01-01
2.0,1.5,12023,483271,0,0.0,0.0,2023-01-01
2.0,1.5,12024,468122,0,0.0,0.0,2024-01-01
2.0,1.5,12025,451027,0,0.0,0.0,2025-01-01
2.0,1.5,22020,27,0,0.0,0.0,2020-02-01
2.0,1.5,22021,175731,16,9.105e-05,0.00109203,2021-02-01
2.0,1.5,22022,495979,8,1.613e-05,0.00019354,2022-02-01
2.0,1.5,22023,482397,0,0.0,0.0,2023-02-01
2.0,1.5,22024,467089,0,0.0,0.0,2024-02-01
2.0,1.5,22025,449818,0,0.0,0.0,2025-02-01
2.0,1.5,32020,27,0,0.0,0.0,2020-03-01
2.0,1.5,32021,230872,68,0.00029454,0.00352871,2021-03-01
2.0,1.5,32022,497922,17,3.414e-05,0.00040963,2022-03-01
2.0,1.5,32023,481492,0,0.0,0.0,2023-03-01
2.0,1.5,32024,466065,0,0.0,0.0,2024-03-01
2.0,1.5,32025,448575,0,0.0,0.0,2025-03-01
2.0,1.5,42020,91,0,0.0,0.0,2020-04-01
2.0,1.5,42021,270631,135,0.00049883,0.00596961,2021-04-01
2.0,1.5,42022,496893,37,7.446e-05,0.00089319,2022-04-01
2.0,1.5,42023,480168,0,0.0,0.0,2023-04-01
2.0,1.5,42024,464763,0,0.0,0.0,2024-04-01
2.0,1.5,42025,447081,0,0.0,0.0,2025-04-01
2.0,1.5,52020,544,0,0.0,0.0,2020-05-01
2.0,1.5,52021,295300,220,0.00074501,0.00890352,2021-05-01
2.0,1.5,52022,495320,36,7.268e-05,0.00087181,2022-05-01
2.0,1.5,52023,479006,0,0.0,0.0,2023-05-01
2.0,1.5,52024,463354,0,0.0,0.0,2024-05-01
2.0,1.5,52025,445464,0,0.0,0.0,2025-05-01
2.0,1.5,62020,1456,0,0.0,0.0,2020-06-01
2.0,1.5,62021,318722,421,0.0013209,0.01573615,2021-06-01
2.0,1.5,62022,493608,44,8.914e-05,0.00106915,2022-06-01
2.0,1.5,62023,477479,0,0.0,0.0,2023-06-01
2.0,1.5,62024,461645,0,0.0,0.0,2024-06-01
2.0,1.5,62025,443699,0,0.0,0.0,2025-06-01
2.0,1.5,72020,3872,3,0.00077479,0.009258,2020-07-01
2.0,1.5,72021,335081,630,0.00188014,0.02232986,2021-07-01
2.0,1.5,72022,491704,50,0.00010169,0.00121956,2022-07-01
2.0,1.5,72023,475835,0,0.0,0.0,2023-07-01
2.0,1.5,72024,460082,0,0.0,0.0,2024-07-01
2.0,1.5,72025,441841,0,0.0,0.0,2025-07-01
2.0,1.5,82020,11275,7,0.00062084,0.00742472,2020-08-01
2.0,1.5,82021,363833,1375,0.00377921,0.04441961,2021-08-01
2.0,1.5,82022,490044,63,0.00012856,0.00154163,2022-08-01
2.0,1.5,82023,474399,0,0.0,0.0,2023-08-01
2.0,1.5,82024,458427,0,0.0,0.0,2024-08-01
2.0,1.5,82025,439918,0,0.0,0.0,2025-08-01
2.0,1.5,92019,6,0,0.0,0.0,2019-09-01
2.0,1.5,92020,27645,19,0.00068729,0.00821632,2020-09-01
2.0,1.5,92021,401584,1628,0.00405395,0.04757721,2021-09-01
2.0,1.5,92022,488234,57,0.00011675,0.00140007,2022-09-01
2.0,1.5,92023,472868,0,0.0,0.0,2023-09-01
2.0,1.5,92024,456793,0,0.0,0.0,2024-09-01
2.0,1.5,92025,438238,0,0.0,0.0,2025-09-01
2.0,1.5,102019,12,0,0.0,0.0,2019-10-01
2.0,1.5,102020,52090,53,0.00101747,0.01214154,2020-10-01
2.0,1.5,102021,437430,1409,0.00322109,0.03797556,2021-10-01
2.0,1.5,102022,486717,52,0.00010684,0.00128131,2022-10-01
2.0,1.5,102023,471596,0,0.0,0.0,2023-10-01
2.0,1.5,102024,455424,0,0.0,0.0,2024-10-01
2.0,1.5,102025,22574,0,0.0,0.0,2025-10-01
2.0,1.5,112019,12,0,0.0,0.0,2019-11-01
2.0,1.5,112020,81173,96,0.00118266,0.01409996,2020-11-01
2.0,1.5,112021,462329,1270,0.00274696,0.03247005,2021-11-01
2.0,1.5,112022,485368,30,6.181e-05,0.00074145,2022-11-01
2.0,1.5,112023,470309,0,0.0,0.0,2023-11-01
2.0,1.5,112024,453804,0,0.0,0.0,2024-11-01
2.0,1.5,112025,22502,0,0.0,0.0,2025-11-01
2.0,1.5,122019,24,0,0.0,0.0,2019-12-01
2.0,1.5,122020,106141,148,0.00139437,0.01660473,2020-12-01
2.0,1.5,122021,479786,2028,0.00422688,0.04955988,2021-12-01
2.0,1.5,122022,484302,1032,0.0021309,0.02527325,2022-12-01
2.0,1.5,122023,469227,1105,0.00235494,0.02789608,2023-12-01
2.0,1.5,122024,452487,1460,0.00322661,0.03803955,2024-12-01
2.0,1.5,122025,22436,82,0.00365484,0.04298712,2025-12-01
2.5,2.0,12018,9,0,0.0,0.0,2018-01-01
2.5,2.0,12019,32,0,0.0,0.0,2019-01-01
2.5,2.0,12020,1670,0,0.0,0.0,2020-01-01
2.5,2.0,12021,675076,0,0.0,0.0,2021-01-01
2.5,2.0,12022,1391007,0,0.0,0.0,2022-01-01
2.5,2.0,12023,1362723,0,0.0,0.0,2023-01-01
2.5,2.0,12024,1315099,0,0.0,0.0,2024-01-01
2.5,2.0,12025,1263999,0,0.0,0.0,2025-01-01
2.5,2.0,22018,25,0,0.0,0.0,2018-02-01
2.5,2.0,22019,31,0,0.0,0.0,2019-02-01
2.5,2.0,22020,1885,0,0.0,0.0,2020-02-01
2.5,2.0,22021,787136,77,9.782e-05,0.00117324,2021-02-01
2.5,2.0,22022,1405227,24,1.708e-05,0.00020493,2022-02-01
2.5,2.0,22023,1359965,0,0.0,0.0,2023-02-01
2.5,2.0,22024,1312012,0,0.0,0.0,2024-02-01
2.5,2.0,22025,1260622,0,0.0,0.0,2025-02-01
2.5,2.0,32018,29,0,0.0,0.0,2018-03-01
2.5,2.0,32019,31,0,0.0,0.0,2019-03-01
2.5,2.0,32020,2814,0,0.0,0.0,2020-03-01
2.5,2.0,32021,926874,273,0.00029454,0.00352874,2021-03-01
2.5,2.0,32022,1411775,58,4.108e-05,0.00049289,2022-03-01
2.5,2.0,32023,1356968,0,0.0,0.0,2023-03-01
2.5,2.0,32024,1309016,0,0.0,0.0,2024-03-01
2.5,2.0,32025,1257048,0,0.0,0.0,2025-03-01
2.5,2.0,42018,29,0,0.0,0.0,2018-04-01
2.5,2.0,42019,31,0,0.0,0.0,2019-04-01
2.5,2.0,42020,14552,1,6.872e-05,0.00082432,2020-04-01
2.5,2.0,42021,1027343,527,0.00051297,0.00613835,2021-04-01
2.5,2.0,42022,1408436,100,7.1e-05,0.00085168,2022-04-01
2.5,2.0,42023,1352744,0,0.0,0.0,2023-04-01
2.5,2.0,42024,1305117,0,0.0,0.0,2024-04-01
2.5,2.0,42025,1252677,0,0.0,0.0,2025-04-01
2.5,2.0,52018,32,1,0.03125,0.31681144,2018-05-01
2.5,2.0,52019,31,0,0.0,0.0,2019-05-01
2.5,2.0,52020,35248,10,0.0002837,0.00339914,2020-05-01
2.5,2.0,52021,1089804,874,0.00080198,0.00958141,2021-05-01
2.5,2.0,52022,1403146,138,9.835e-05,0.00117957,2022-05-01
2.5,2.0,52023,1348740,0,0.0,0.0,2023-05-01
2.5,2.0,52024,1300722,0,0.0,0.0,2024-05-01
2.5,2.0,52025,1248069,0,0.0,0.0,2025-05-01
2.5,2.0,62018,32,0,0.0,0.0,2018-06-01
2.5,2.0,62019,30,0,0.0,0.0,2019-06-01
2.5,2.0,62020,61103,22,0.00036005,0.00431203,2020-06-01
2.5,2.0,62021,1137100,1376,0.0012101,0.01442489,2021-06-01
2.5,2.0,62022,1397223,160,0.00011451,0.00137329,2022-06-01
2.5,2.0,62023,1343955,0,0.0,0.0,2023-06-01
2.5,2.0,62024,1295719,0,0.0,0.0,2024-06-01
2.5,2.0,62025,1242970,0,0.0,0.0,2025-06-01
2.5,2.0,72018,32,0,0.0,0.0,2018-07-01
2.5,2.0,72019,44,0,0.0,0.0,2019-07-01
2.5,2.0,72020,96027,96,0.00099972,0.01193088,2020-07-01
2.5,2.0,72021,1167822,1781,0.00152506,0.01814801,2021-07-01
2.5,2.0,72022,1390553,160,0.00011506,0.00137987,2022-07-01
2.5,2.0,72023,1338658,0,0.0,0.0,2023-07-01
2.5,2.0,72024,1290958,0,0.0,0.0,2024-07-01
2.5,2.0,72025,1237583,0,0.0,0.0,2025-07-01
2.5,2.0,82018,32,0,0.0,0.0,2018-08-01
2.5,2.0,82019,102,0,0.0,0.0,2019-08-01
2.5,2.0,82020,153641,282,0.00183545,0.02180438,2020-08-01
2.5,2.0,82021,1215102,2909,0.00239404,0.02835318,2021-08-01
2.5,2.0,82022,1385018,189,0.00013646,0.0016363,2022-08-01
2.5,2.0,82023,1334207,0,0.0,0.0,2023-08-01
2.5,2.0,82024,1285901,0,0.0,0.0,2024-08-01
2.5,2.0,82025,1232272,0,0.0,0.0,2025-08-01
2.5,2.0,92018,32,0,0.0,0.0,2018-09-01
2.5,2.0,92019,346,0,0.0,0.0,2019-09-01
2.5,2.0,92020,234233,471,0.00201082,0.02386474,2020-09-01
2.5,2.0,92021,1262637,3483,0.00275851,0.03260452,2021-09-01
2.5,2.0,92022,1379139,194,0.00014067,0.0016867,2022-09-01
2.5,2.0,92023,1329290,0,0.0,0.0,2023-09-01
2.5,2.0,92024,1280974,0,0.0,0.0,2024-09-01
2.5,2.0,92025,1227282,0,0.0,0.0,2025-09-01
2.5,2.0,102018,32,0,0.0,0.0,2018-10-01
2.5,2.0,102019,721,0,0.0,0.0,2019-10-01
2.5,2.0,102020,341958,842,0.00246229,0.0291506,2020-10-01
2.5,2.0,102021,1306745,3696,0.0028284,0.03341778,2021-10-01
2.5,2.0,102022,1374023,160,0.00011645,0.00139646,2022-10-01
2.5,2.0,102023,1325253,0,0.0,0.0,2023-10-01
2.5,2.0,102024,1276931,0,0.0,0.0,2024-10-01
2.5,2.0,102025,61409,0,0.0,0.0,2025-10-01
2.5,2.0,112018,32,0,0.0,0.0,2018-11-01
2.5,2.0,112019,1116,0,0.0,0.0,2019-11-01
2.5,2.0,112020,457716,1195,0.00261079,0.03088349,2020-11-01
2.5,2.0,112021,1339387,3573,0.00266764,0.03154614,2021-11-01
2.5,2.0,112022,1369747,152,0.00011097,0.00133082,2022-11-01
2.5,2.0,112023,1321556,0,0.0,0.0,2023-11-01
2.5,2.0,112024,1272282,0,0.0,0.0,2024-11-01
2.5,2.0,112025,61159,0,0.0,0.0,2025-11-01
2.5,2.0,122018,32,0,0.0,0.0,2018-12-01
2.5,2.0,122019,1426,0,0.0,0.0,2019-12-01
2.5,2.0,122020,558952,2020,0.00361391,0.04251519,2020-12-01
2.5,2.0,122021,1369138,7844,0.00572915,0.06662434,2021-12-01
2.5,2.0,122022,1366145,3428,0.00250925,0.0296989,2022-12-01
2.5,2.0,122023,1318305,3206,0.00243191,0.02879574,2023-12-01
2.5,2.0,122024,1268202,4203,0.00331414,0.03905273,2024-12-01
2.5,2.0,122025,60945,258,0.00423333,0.04963365,2025-12-01
3.0,2.5,12018,5706,0,0.0,0.0,2018-01-01
3.0,2.5,12019,11431,0,0.0,0.0,2019-01-01
3.0,2.5,12020,127903,0,0.0,0.0,2020-01-01
3.0,2.5,12021,2614226,0,0.0,0.0,2021-01-01
3.0,2.5,12022,4841578,0,0.0,0.0,2022-01-01
3.0,2.5,12023,4755485,0,0.0,0.0,2023-01-01
3.0,2.5,12024,4566353,0,0.0,0.0,2024-01-01
3.0,2.5,12025,4372044,0,0.0,0.0,2025-01-01
3.0,2.5,22018,9214,8,0.00086824,0.01036932,2018-02-01
3.0,2.5,22019,11449,0,0.0,0.0,2019-02-01
3.0,2.5,22020,145526,11,7.559e-05,0.00090668,2020-02-01
3.0,2.5,22021,2824061,260,9.207e-05,0.00110423,2021-02-01
3.0,2.5,22022,4913033,199,4.05e-05,0.00048595,2022-02-01
3.0,2.5,22023,4745113,0,0.0,0.0,2023-02-01
3.0,2.5,22024,4555529,0,0.0,0.0,2024-02-01
3.0,2.5,22025,4359791,0,0.0,0.0,2025-02-01
3.0,2.5,32018,10699,16,0.00149547,0.01779873,2018-03-01
3.0,2.5,32019,11518,0,0.0,0.0,2019-03-01
3.0,2.5,32020,186881,48,0.00025685,0.00307782,2020-03-01
3.0,2.5,32021,3100686,757,0.00024414,0.00292574,2021-03-01
3.0,2.5,32022,4949777,472,9.536e-05,0.00114369,2022-03-01
3.0,2.5,32023,4733006,0,0.0,0.0,2023-03-01
3.0,2.5,32024,4543220,0,0.0,0.0,2024-03-01
3.0,2.5,32025,4347382,0,0.0,0.0,2025-03-01
3.0,2.5,42018,11150,19,0.00170404,0.02025787,2018-04-01
3.0,2.5,42019,11654,0,0.0,0.0,2019-04-01
3.0,2.5,42020,316976,184,0.00058049,0.00694363,2020-04-01
3.0,2.5,42021,3356822,1479,0.0004406,0.00527435,2021-04-01
3.0,2.5,42022,4941285,677,0.00013701,0.00164287,2022-04-01
3.0,2.5,42023,4715979,0,0.0,0.0,2023-04-01
3.0,2.5,42024,4528344,0,0.0,0.0,2024-04-01
3.0,2.5,42025,4331559,0,0.0,0.0,2025-04-01
3.0,2.5,52018,11354,28,0.00246609,0.02919499,2018-05-01
3.0,2.5,52019,12041,3,0.00024915,0.00298569,2019-05-01
3.0,2.5,52020,486345,321,0.00066003,0.00789161,2020-05-01
3.0,2.5,52021,3576630,2271,0.00063496,0.00759291,2021-05-01
3.0,2.5,52022,4921842,822,0.00016701,0.00200229,2022-05-01
3.0,2.5,52023,4700280,0,0.0,0.0,2023-05-01
3.0,2.5,52024,4511304,0,0.0,0.0,2024-05-01
3.0,2.5,52025,4314250,0,0.0,0.0,2025-05-01
3.0,2.5,62018,11422,25,0.00218876,0.02595121,2018-06-01
3.0,2.5,62019,12718,0,0.0,0.0,2019-06-01
3.0,2.5,62020,695372,887,0.00127558,0.01519998,2020-06-01
3.0,2.5,62021,3781003,4184,0.00110658,0.01319849,2021-06-01
3.0,2.5,62022,4898358,1038,0.00021191,0.00253993,2022-06-01
3.0,2.5,62023,4680283,0,0.0,0.0,2023-06-01
3.0,2.5,62024,4491752,0,0.0,0.0,2024-06-01
3.0,2.5,62025,4295224,0,0.0,0.0,2025-06-01
3.0,2.5,72018,11465,36,0.00313999,0.03703593,2018-07-01
3.0,2.5,72019,16606,6,0.00036132,0.00432718,2019-07-01
3.0,2.5,72020,932781,2249,0.00241107,0.02855223,2020-07-01
3.0,2.5,72021,3934181,5486,0.00139445,0.0166056,2021-07-01
3.0,2.5,72022,4870549,981,0.00020141,0.0024143,2022-07-01
3.0,2.5,72023,4659369,0,0.0,0.0,2023-07-01
3.0,2.5,72024,4473356,0,0.0,0.0,2024-07-01
3.0,2.5,72025,4275618,0,0.0,0.0,2025-07-01
3.0,2.5,82018,11477,36,0.00313671,0.03699787,2018-08-01
3.0,2.5,82019,27912,12,0.00042992,0.00514689,2019-08-01
3.0,2.5,82020,1241229,4435,0.00357307,0.0420442,2020-08-01
3.0,2.5,82021,4125312,8819,0.00213778,0.02535385,2021-08-01
3.0,2.5,82022,4847215,1054,0.00021744,0.00260622,2022-08-01
3.0,2.5,82023,4641140,0,0.0,0.0,2023-08-01
3.0,2.5,82024,4453799,0,0.0,0.0,2024-08-01
3.0,2.5,82025,4255831,0,0.0,0.0,2025-08-01
3.0,2.5,92018,11484,31,0.00269941,0.03191627,2018-09-01
3.0,2.5,92019,45471,27,0.00059379,0.0071022,2019-09-01
3.0,2.5,92020,1495775,7172,0.00479484,0.05604469,2020-09-01
3.0,2.5,92021,4278735,11652,0.00272323,0.03219378,2021-09-01
3.0,2.5,92022,4822523,1073,0.0002225,0.00266671,2022-09-01
3.0,2.5,92023,4621674,0,0.0,0.0,2023-09-01
3.0,2.5,92024,4435224,0,0.0,0.0,2024-09-01
3.0,2.5,92025,4237627,0,0.0,0.0,2025-09-01
3.0,2.5,102018,11491,46,0.00400313,0.04699393,2018-10-01
3.0,2.5,102019,69409,60,0.00086444,0.01032412,2019-10-01
3.0,2.5,102020,1782311,10888,0.00610892,0.07089349,2020-10-01
3.0,2.5,102021,4431183,13534,0.00305426,0.0360417,2021-10-01
3.0,2.5,102022,4801122,1013,0.00021099,0.00252897,2022-10-01
3.0,2.5,102023,4605883,1,2.2e-07,2.61e-06,2023-10-01
3.0,2.5,102024,4419645,0,0.0,0.0,2024-10-01
3.0,2.5,102025,369300,0,0.0,0.0,2025-10-01
3.0,2.5,112018,11477,43,0.00374662,0.0440445,2018-11-01
3.0,2.5,112019,91696,71,0.0007743,0.0092521,2019-11-01
3.0,2.5,112020,2110880,12177,0.00576868,0.06706957,2020-11-01
3.0,2.5,112021,4571206,14143,0.00309393,0.03650187,2021-11-01
3.0,2.5,112022,4783344,855,0.00017875,0.00214284,2022-11-01
3.0,2.5,112023,4591067,0,0.0,0.0,2023-11-01
3.0,2.5,112024,4402362,0,0.0,0.0,2024-11-01
3.0,2.5,112025,367654,0,0.0,0.0,2025-11-01
3.0,2.5,122018,11454,48,0.00419068,0.04914507,2018-12-01
3.0,2.5,122019,110991,219,0.00197313,0.02342232,2019-12-01
3.0,2.5,122020,2369253,20721,0.00874579,0.10004558,2020-12-01
3.0,2.5,122021,4720517,39862,0.00844441,0.09675662,2021-12-01
3.0,2.5,122022,4768890,13430,0.00281617,0.03327548,2022-12-01
3.0,2.5,122023,4578382,12029,0.00262735,0.03107654,2023-12-01
3.0,2.5,122024,4387361,15317,0.00349116,0.04109884,2024-12-01
3.0,2.5,122025,366339,1642,0.00448219,0.05247992,2025-12-01
3.5,3.0,12018,11409,0,0.0,0.0,2018-01-01
3.5,3.0,12019,31938,0,0.0,0.0,2019-01-01
3.5,3.0,12020,360839,0,0.0,0.0,2020-01-01
3.5,3.0,12021,1276202,0,0.0,0.0,2021-01-01
3.5,3.0,12022,1573510,0,0.0,0.0,2022-01-01
3.5,3.0,12023,1614658,0,0.0,0.0,2023-01-01
3.5,3.0,12024,1535646,0,0.0,0.0,2024-01-01
3.5,3.0,12025,1456183,0,0.0,0.0,2025-01-01
3.5,3.0,22018,20004,11,0.00054989,0.00657876,2018-02-01
3.5,3.0,22019,32421,0,0.0,0.0,2019-02-01
3.5,3.0,22020,404903,42,0.00010373,0.00124403,2020-02-01
3.5,3.0,22021,1270663,53,4.171e-05,0.00050041,2021-02-01
3.5,3.0,22022,1615846,132,8.169e-05,0.00097985,2022-02-01
3.5,3.0,22023,1610119,0,0.0,0.0,2023-02-01
3.5,3.0,22024,1531077,0,0.0,0.0,2024-02-01
3.5,3.0,22025,1451207,0,0.0,0.0,2025-02-01
3.5,3.0,32018,25673,26,0.00101274,0.01208538,2018-03-01
3.5,3.0,32019,33348,0,0.0,0.0,2019-03-01
3.5,3.0,32020,504153,167,0.00033125,0.00396775,2020-03-01
3.5,3.0,32021,1270493,152,0.00011964,0.00143472,2021-03-01
3.5,3.0,32022,1666012,319,0.00019148,0.00229528,2022-03-01
3.5,3.0,32023,1604904,0,0.0,0.0,2023-03-01
3.5,3.0,32024,1525850,0,0.0,0.0,2024-03-01
3.5,3.0,32025,1446109,0,0.0,0.0,2025-03-01
3.5,3.0,42018,28247,44,0.00155769,0.01853294,2018-04-01
3.5,3.0,42019,34473,0,0.0,0.0,2019-04-01
3.5,3.0,42020,664341,495,0.0007451,0.00890464,2020-04-01
3.5,3.0,42021,1285759,305,0.00023721,0.00284286,2021-04-01
3.5,3.0,42022,1680710,496,0.00029511,0.00353562,2022-04-01
3.5,3.0,42023,1597711,0,0.0,0.0,2023-04-01
3.5,3.0,42024,1519670,0,0.0,0.0,2024-04-01
3.5,3.0,42025,1439671,0,0.0,0.0,2025-04-01
3.5,3.0,52018,29455,68,0.00230861,0.02735421,2018-05-01
3.5,3.0,52019,37461,10,0.00026694,0.00319863,2019-05-01
3.5,3.0,52020,811123,834,0.0010282,0.01226891,2020-05-01
3.5,3.0,52021,1336789,482,0.00036057,0.00431822,2021-05-01
3.5,3.0,52022,1681749,580,0.00034488,0.00413071,2022-05-01
3.5,3.0,52023,1591096,0,0.0,0.0,2023-05-01
3.5,3.0,52024,1512589,0,0.0,0.0,2024-05-01
3.5,3.0,52025,1432635,0,0.0,0.0,2025-05-01
3.5,3.0,62018,30145,84,0.00278653,0.03293064,2018-06-01
3.5,3.0,62019,41359,17,0.00041104,0.00492129,2019-06-01
3.5,3.0,62020,945082,2028,0.00214585,0.0254484,2020-06-01
3.5,3.0,62021,1384126,913,0.00065962,0.00788681,2021-06-01
3.5,3.0,62022,1675285,722,0.00043097,0.00515942,2022-06-01
3.5,3.0,62023,1582758,0,0.0,0.0,2023-06-01
3.5,3.0,62024,1504757,0,0.0,0.0,2024-06-01
3.5,3.0,62025,1425372,0,0.0,0.0,2025-06-01
3.5,3.0,72018,30606,80,0.00261387,0.03091937,2018-07-01
3.5,3.0,72019,54461,55,0.0010099,0.01205168,2019-07-01
3.5,3.0,72020,1049521,4296,0.0040933,0.04802867,2020-07-01
3.5,3.0,72021,1412039,1369,0.00096952,0.0115724,2021-07-01
3.5,3.0,72022,1663685,696,0.00041835,0.00500865,2022-07-01
3.5,3.0,72023,1574255,1,6.4e-07,7.62e-06,2023-07-01
3.5,3.0,72024,1497349,0,0.0,0.0,2024-07-01
3.5,3.0,72025,1417822,0,0.0,0.0,2025-07-01
3.5,3.0,82018,31053,114,0.00367114,0.04317501,2018-08-01
3.5,3.0,82019,82630,123,0.00148856,0.01771724,2019-08-01
3.5,3.0,82020,1139518,7296,0.00640271,0.07418376,2020-08-01
3.5,3.0,82021,1449428,2190,0.00151094,0.01798137,2021-08-01
3.5,3.0,82022,1653922,826,0.00049942,0.00597659,2022-08-01
3.5,3.0,82023,1566673,2,1.28e-06,1.532e-05,2023-08-01
3.5,3.0,82024,1489702,0,0.0,0.0,2024-08-01
3.5,3.0,82025,1410041,0,0.0,0.0,2025-08-01
3.5,3.0,92018,31339,106,0.00338237,0.03984179,2018-09-01
3.5,3.0,92019,127402,210,0.00164833,0.01960157,2019-09-01
3.5,3.0,92020,1180297,11338,0.00960606,0.1093733,2020-09-01
3.5,3.0,92021,1461059,2957,0.00202387,0.02401797,2021-09-01
3.5,3.0,92022,1643461,836,0.00050868,0.00608714,2022-09-01
3.5,3.0,92023,1558573,0,0.0,0.0,2023-09-01
3.5,3.0,92024,1482491,0,0.0,0.0,2024-09-01
3.5,3.0,92025,1402978,0,0.0,0.0,2025-09-01
3.5,3.0,102018,31701,103,0.00324911,0.03830005,2018-10-01
3.5,3.0,102019,198167,327,0.00165012,0.01962275,2019-10-01
3.5,3.0,102020,1217650,14933,0.01226379,0.13763382,2020-10-01
3.5,3.0,102021,1469283,3873,0.00263598,0.03117717,2021-10-01
3.5,3.0,102022,1634440,708,0.00043318,0.00518574,2022-10-01
3.5,3.0,102023,1552148,0,0.0,0.0,2023-10-01
3.5,3.0,102024,1475992,0,0.0,0.0,2024-10-01
3.5,3.0,102025,332042,0,0.0,0.0,2025-10-01
3.5,3.0,112018,31843,115,0.00361147,0.04248709,2018-11-01
3.5,3.0,112019,264718,428,0.00161681,0.01923017,2019-11-01
3.5,3.0,112020,1255337,15808,0.01259263,0.14107281,2020-11-01
3.5,3.0,112021,1489403,4198,0.00281858,0.03330351,2021-11-01
3.5,3.0,112022,1626697,661,0.00040634,0.00486526,2022-11-01
3.5,3.0,112023,1545985,0,0.0,0.0,2023-11-01
3.5,3.0,112024,1468836,0,0.0,0.0,2024-11-01
3.5,3.0,112025,330298,0,0.0,0.0,2025-11-01
3.5,3.0,122018,31884,333,0.01044411,0.11837492,2018-12-01
3.5,3.0,122019,317752,879,0.00276631,0.03269527,2019-12-01
3.5,3.0,122020,1274395,31674,0.02485415,0.26067577,2020-12-01
3.5,3.0,122021,1531571,23605,0.01541228,0.17004799,2021-12-01
3.5,3.0,122022,1620549,5956,0.0036753,0.04322289,2022-12-01
3.5,3.0,122023,1540755,5109,0.00331591,0.03907316,2023-12-01
3.5,3.0,122024,1462602,6419,0.00438875,0.05141222,2024-12-01
3.5,3.0,122025,328957,1553,0.00472098,0.0552037,2025-12-01
4.0,3.5,12018,94889,0,0.0,0.0,2018-01-01
4.0,3.5,12019,374747,0,0.0,0.0,2019-01-01
4.0,3.5,12020,1245979,0,0.0,0.0,2020-01-01
4.0,3.5,12021,1279742,0,0.0,0.0,2021-01-01
4.0,3.5,12022,969133,0,0.0,0.0,2022-01-01
4.0,3.5,12023,1163599,0,0.0,0.0,2023-01-01
4.0,3.5,12024,1098823,0,0.0,0.0,2024-01-01
4.0,3.5,12025,1033084,0,0.0,0.0,2025-01-01
4.0,3.5,22018,179236,112,0.00062487,0.00747278,2018-02-01
4.0,3.5,22019,380639,5,1.314e-05,0.00015762,2019-02-01
4.0,3.5,22020,1345701,169,0.00012559,0.00150598,2020-02-01
4.0,3.5,22021,1232450,10,8.11e-06,9.736e-05,2021-02-01
4.0,3.5,22022,986089,74,7.504e-05,0.00090016,2022-02-01
4.0,3.5,22023,1159886,1,8.6e-07,1.035e-05,2023-02-01
4.0,3.5,22024,1094829,0,0.0,0.0,2024-02-01
4.0,3.5,22025,1028699,0,0.0,0.0,2025-02-01
4.0,3.5,32018,240567,284,0.00118054,0.01407491,2018-03-01
4.0,3.5,32019,393247,25,6.357e-05,0.00076261,2019-03-01
4.0,3.5,32020,1441754,532,0.00036899,0.00441896,2020-03-01
4.0,3.5,32021,1183071,37,3.127e-05,0.00037523,2021-03-01
4.0,3.5,32022,1064543,190,0.00017848,0.00213966,2022-03-01
4.0,3.5,32023,1155764,3,2.6e-06,3.115e-05,2023-03-01
4.0,3.5,32024,1090377,0,0.0,0.0,2024-03-01
4.0,3.5,32025,1024483,0,0.0,0.0,2025-03-01
4.0,3.5,42018,275867,423,0.00153335,0.01824579,2018-04-01
4.0,3.5,42019,410827,60,0.00014605,0.00175116,2019-04-01
4.0,3.5,42020,1494694,1283,0.00085837,0.01025195,2020-04-01
4.0,3.5,42021,1132040,48,4.24e-05,0.0005087,2021-04-01
4.0,3.5,42022,1142749,426,0.00037279,0.00446426,2022-04-01
4.0,3.5,42023,1149638,5,4.35e-06,5.219e-05,2023-04-01
4.0,3.5,42024,1085162,0,0.0,0.0,2024-04-01
4.0,3.5,42025,1019259,0,0.0,0.0,2025-04-01
4.0,3.5,52018,300107,703,0.0023425,0.02775063,2018-05-01
4.0,3.5,52019,450372,115,0.00025534,0.00305983,2019-05-01
4.0,3.5,52020,1505484,1970,0.00130855,0.01559007,2020-05-01
4.0,3.5,52021,1106932,78,7.047e-05,0.00084525,2021-05-01
4.0,3.5,52022,1184036,629,0.00053123,0.00635621,2022-05-01
4.0,3.5,52023,1144107,5,4.37e-06,5.244e-05,2023-05-01
4.0,3.5,52024,1079291,0,0.0,0.0,2024-05-01
4.0,3.5,52025,1013625,0,0.0,0.0,2025-05-01
4.0,3.5,62018,318414,805,0.00252816,0.02991955,2018-06-01
4.0,3.5,62019,502886,295,0.00058661,0.0070167,2019-06-01
4.0,3.5,62020,1519148,3678,0.00242109,0.02866936,2020-06-01
4.0,3.5,62021,1089167,163,0.00014966,0.00179439,2021-06-01
4.0,3.5,62022,1196370,846,0.00070714,0.00845274,2022-06-01
4.0,3.5,62023,1137294,1,8.8e-07,1.055e-05,2023-06-01
4.0,3.5,62024,1072916,0,0.0,0.0,2024-06-01
4.0,3.5,62025,1007722,0,0.0,0.0,2025-06-01
4.0,3.5,72018,331157,1020,0.00308011,0.03634156,2018-07-01
4.0,3.5,72019,597070,723,0.00121091,0.01443457,2019-07-01
4.0,3.5,72020,1519659,6829,0.00449377,0.05261222,2020-07-01
4.0,3.5,72021,1064775,281,0.00026391,0.00316227,2021-07-01
4.0,3.5,72022,1194213,892,0.00074694,0.00892649,2022-07-01
4.0,3.5,72023,1130452,3,2.65e-06,3.185e-05,2023-07-01
4.0,3.5,72024,1066667,0,0.0,0.0,2024-07-01
4.0,3.5,72025,1001648,0,0.0,0.0,2025-07-01
4.0,3.5,82018,343206,1144,0.00333328,0.03927408,2018-08-01
4.0,3.5,82019,713700,1183,0.00165756,0.01971037,2019-08-01
4.0,3.5,82020,1507145,9822,0.00651696,0.07546043,2020-08-01
4.0,3.5,82021,1044911,433,0.00041439,0.00496135,2021-08-01
4.0,3.5,82022,1189425,978,0.00082225,0.00982245,2022-08-01
4.0,3.5,82023,1124327,3,2.67e-06,3.202e-05,2023-08-01
4.0,3.5,82024,1060487,0,0.0,0.0,2024-08-01
4.0,3.5,82025,995557,0,0.0,0.0,2025-08-01
4.0,3.5,92018,351931,1042,0.00296081,0.03495678,2018-09-01
4.0,3.5,92019,830330,2393,0.00288199,0.03404089,2019-09-01
4.0,3.5,92020,1472270,12493,0.00848554,0.09720603,2020-09-01
4.0,3.5,92021,1019236,581,0.00057003,0.00681901,2021-09-01
4.0,3.5,92022,1183247,1047,0.00088485,0.01056672,2022-09-01
4.0,3.5,92023,1117905,3,2.68e-06,3.22e-05,2023-09-01
4.0,3.5,92024,1054518,0,0.0,0.0,2024-09-01
4.0,3.5,92025,989969,0,0.0,0.0,2025-09-01
4.0,3.5,102018,361975,1232,0.00340355,0.04008665,2018-10-01
4.0,3.5,102019,928776,3316,0.00357029,0.04201212,2019-10-01
4.0,3.5,102020,1427559,14831,0.01038906,0.11778622,2020-10-01
4.0,3.5,102021,994338,797,0.00080154,0.00957617,2021-10-01
4.0,3.5,102022,1177902,1018,0.00086425,0.01032183,2022-10-01
4.0,3.5,102023,1112661,1,9e-07,1.078e-05,2023-10-01
4.0,3.5,102024,1049317,0,0.0,0.0,2024-10-01
4.0,3.5,102025,631796,0,0.0,0.0,2025-10-01
4.0,3.5,112018,367931,1163,0.00316092,0.03727849,2018-11-01
4.0,3.5,112019,1026769,3193,0.00310975,0.03668537,2019-11-01
4.0,3.5,112020,1378230,14329,0.01039667,0.11786758,2020-11-01
4.0,3.5,112021,975979,970,0.00099387,0.01186151,2021-11-01
4.0,3.5,112022,1172830,867,0.00073924,0.00883487,2022-11-01
4.0,3.5,112023,1107500,2,1.81e-06,2.167e-05,2023-11-01
4.0,3.5,112024,1043500,0,0.0,0.0,2024-11-01
4.0,3.5,112025,628117,0,0.0,0.0,2025-11-01
4.0,3.5,122018,371541,9084,0.02444952,0.25698608,2018-12-01
4.0,3.5,122019,1137848,8859,0.00778575,0.08953025,2019-12-01
4.0,3.5,122020,1332191,56058,0.04207955,0.40302887,2020-12-01
4.0,3.5,122021,970027,24740,0.02550444,0.26657054,2021-12-01
4.0,3.5,122022,1168211,5073,0.00434254,0.05088369,2022-12-01
4.0,3.5,122023,1103116,4293,0.0038917,0.0457137,2023-12-01
4.0,3.5,122024,1038378,5294,0.00509834,0.05949332,2024-12-01
4.0,3.5,122025,625238,3351,0.00535956,0.06245233,2025-12-01
4.5,4.0,12018,31094,0,0.0,0.0,2018-01-01
4.5,4.0,12019,490366,0,0.0,0.0,2019-01-01
4.5,4.0,12020,788604,0,0.0,0.0,2020-01-01
4.5,4.0,12021,537925,0,0.0,0.0,2021-01-01
4.5,4.0,12022,348240,0,0.0,0.0,2022-01-01
4.5,4.0,12023,424785,0,0.0,0.0,2023-01-01
4.5,4.0,12024,398150,0,0.0,0.0,2024-01-01
4.5,4.0,12025,371570,0,0.0,0.0,2025-01-01
4.5,4.0,22018,63069,47,0.00074522,0.00890602,2018-02-01
4.5,4.0,22019,507896,20,3.938e-05,0.00047244,2019-02-01
4.5,4.0,22020,791615,42,5.306e-05,0.00063649,2020-02-01
4.5,4.0,22021,516694,1,1.94e-06,2.322e-05,2021-02-01
4.5,4.0,22022,343920,15,4.361e-05,0.00052325,2022-02-01
4.5,4.0,22023,423463,2,4.72e-06,5.667e-05,2023-02-01
4.5,4.0,22024,396517,0,0.0,0.0,2024-02-01
4.5,4.0,22025,369865,0,0.0,0.0,2025-02-01
4.5,4.0,32018,102856,121,0.0011764,0.01402584,2018-03-01
4.5,4.0,32019,540011,82,0.00015185,0.00182066,2019-03-01
4.5,4.0,32020,789471,120,0.000152,0.00182248,2020-03-01
4.5,4.0,32021,495149,15,3.029e-05,0.00036347,2021-03-01
4.5,4.0,32022,353611,39,0.00011029,0.00132269,2022-03-01
4.5,4.0,32023,422009,6,1.422e-05,0.0001706,2023-03-01
4.5,4.0,32024,394751,0,0.0,0.0,2024-03-01
4.5,4.0,32025,368115,0,0.0,0.0,2025-03-01
4.5,4.0,42018,147760,190,0.00128587,0.01532177,2018-04-01
4.5,4.0,42019,581519,203,0.00034909,0.004181,2019-04-01
4.5,4.0,42020,777491,231,0.00029711,0.00355949,2020-04-01
4.5,4.0,42021,469258,13,2.77e-05,0.00033239,2021-04-01
4.5,4.0,42022,378560,95,0.00025095,0.00300726,2022-04-01
4.5,4.0,42023,419435,1,2.38e-06,2.861e-05,2023-04-01
4.5,4.0,42024,392642,0,0.0,0.0,2024-04-01
4.5,4.0,42025,366001,0,0.0,0.0,2025-04-01
4.5,4.0,52018,205506,375,0.00182476,0.02167874,2018-05-01
4.5,4.0,52019,630308,440,0.00069807,0.00834477,2019-05-01
4.5,4.0,52020,751384,382,0.0005084,0.00608371,2020-05-01
4.5,4.0,52021,448841,23,5.124e-05,0.00061474,2021-05-01
4.5,4.0,52022,406072,172,0.00042357,0.00507102,2022-05-01
4.5,4.0,52023,417006,3,7.19e-06,8.633e-05,2023-05-01
4.5,4.0,52024,390252,0,0.0,0.0,2024-05-01
4.5,4.0,52025,363766,0,0.0,0.0,2025-05-01
4.5,4.0,62018,260513,586,0.00224941,0.02666144,2018-06-01
4.5,4.0,62019,677047,705,0.00104129,0.01242413,2019-06-01
4.5,4.0,62020,724244,655,0.00090439,0.01079888,2020-06-01
4.5,4.0,62021,432961,39,9.008e-05,0.00108039,2021-06-01
4.5,4.0,62022,419908,271,0.00064538,0.00771712,2022-06-01
4.5,4.0,62023,414128,3,7.24e-06,8.693e-05,2023-06-01
4.5,4.0,62024,387735,0,0.0,0.0,2024-06-01
4.5,4.0,62025,361421,0,0.0,0.0,2025-06-01
4.5,4.0,72018,307077,776,0.00252705,0.0299067,2018-07-01
4.5,4.0,72019,731422,1723,0.00235569,0.02790483,2019-07-01
4.5,4.0,72020,694564,1132,0.0016298,0.01938323,2020-07-01
4.5,4.0,72021,416766,72,0.00017276,0.00207114,2021-07-01
4.5,4.0,72022,423504,318,0.00075088,0.00897342,2022-07-01
4.5,4.0,72023,411264,4,9.73e-06,0.00011671,2023-07-01
4.5,4.0,72024,384995,0,0.0,0.0,2024-07-01
4.5,4.0,72025,359079,0,0.0,0.0,2025-07-01
4.5,4.0,82018,356948,1012,0.00283515,0.03349623,2018-08-01
4.5,4.0,82019,763946,2581,0.00337851,0.03979721,2019-08-01
4.5,4.0,82020,667307,1326,0.00198709,0.02358621,2020-08-01
4.5,4.0,82021,403708,98,0.00024275,0.00290911,2021-08-01
4.5,4.0,82022,424995,388,0.00091295,0.01090058,2022-08-01
4.5,4.0,82023,408872,3,7.34e-06,8.804e-05,2023-08-01
4.5,4.0,82024,382546,0,0.0,0.0,2024-08-01
4.5,4.0,82025,356739,0,0.0,0.0,2025-08-01
4.5,4.0,92018,397676,999,0.0025121,0.02973211,2018-09-01
4.5,4.0,92019,781946,4225,0.00540319,0.06294569,2019-09-01
4.5,4.0,92020,641433,1623,0.00253027,0.02994426,2020-09-01
4.5,4.0,92021,390101,143,0.00036657,0.00439,2021-09-01
4.5,4.0,92022,427279,385,0.00090105,0.01075918,2022-09-01
4.5,4.0,92023,406254,4,9.85e-06,0.00011815,2023-09-01
4.5,4.0,92024,380234,0,0.0,0.0,2024-09-01
4.5,4.0,92025,354529,0,0.0,0.0,2025-09-01
4.5,4.0,102018,439602,1216,0.00276614,0.03269329,2018-10-01
4.5,4.0,102019,783089,5635,0.00719586,0.08301349,2019-10-01
4.5,4.0,102020,614979,1940,0.00315458,0.03720502,2020-10-01
4.5,4.0,102021,377925,208,0.00055037,0.00658453,2021-10-01
4.5,4.0,102022,428488,372,0.00086817,0.01036843,2022-10-01
4.5,4.0,102023,403991,3,7.43e-06,8.911e-05,2023-10-01
4.5,4.0,102024,378151,0,0.0,0.0,2024-10-01
4.5,4.0,102025,307695,0,0.0,0.0,2025-10-01
4.5,4.0,112018,465609,1206,0.00259016,0.03064289,2018-11-01
4.5,4.0,112019,781326,4872,0.00623555,0.07231302,2019-11-01
4.5,4.0,112020,587356,1934,0.00329272,0.03880489,2020-11-01
4.5,4.0,112021,366240,257,0.00070173,0.00838828,2021-11-01
4.5,4.0,112022,427780,347,0.00081116,0.00969067,2022-11-01
4.5,4.0,112023,401838,2,4.98e-06,5.972e-05,2023-11-01
4.5,4.0,112024,375719,0,0.0,0.0,2024-11-01
4.5,4.0,112025,305749,0,0.0,0.0,2025-11-01
4.5,4.0,122018,478602,38520,0.08048441,0.63464996,2018-12-01
4.5,4.0,122019,785226,14044,0.0178853,0.19472066,2019-12-01
4.5,4.0,122020,563384,26520,0.04707269,0.43931713,2020-12-01
4.5,4.0,122021,356207,10900,0.03060018,0.3112919,2021-12-01
4.5,4.0,122022,426460,2269,0.00532055,0.06201095,2022-12-01
4.5,4.0,122023,399985,1835,0.00458767,0.053684,2023-12-01
4.5,4.0,122024,373663,2093,0.0056013,0.0651831,2024-12-01
4.5,4.0,122025,304235,1852,0.0060874,0.07065202,2025-12-01
5.0,4.5,12018,20176,0,0.0,0.0,2018-01-01
5.0,4.5,12019,788693,0,0.0,0.0,2019-01-01
5.0,4.5,12020,902343,0,0.0,0.0,2020-01-01
5.0,4.5,12021,600060,0,0.0,0.0,2021-01-01
5.0,4.5,12022,375377,0,0.0,0.0,2022-01-01
5.0,4.5,12023,580922,0,0.0,0.0,2023-01-01
5.0,4.5,12024,551662,0,0.0,0.0,2024-01-01
5.0,4.5,12025,514812,0,0.0,0.0,2025-01-01
5.0,4.5,22018,40322,35,0.00086801,0.01036657,2018-02-01
5.0,4.5,22019,840505,168,0.00019988,0.00239592,2019-02-01
5.0,4.5,22020,891777,29,3.252e-05,0.00039016,2020-02-01
5.0,4.5,22021,577894,3,5.19e-06,6.229e-05,2021-02-01
5.0,4.5,22022,366250,8,2.184e-05,0.00026208,2022-02-01
5.0,4.5,22023,581355,5,8.6e-06,0.0001032,2023-02-01
5.0,4.5,22024,549413,0,0.0,0.0,2024-02-01
5.0,4.5,22025,512334,0,0.0,0.0,2025-02-01
5.0,4.5,32018,69238,104,0.00150207,0.01787662,2018-03-01
5.0,4.5,32019,881619,439,0.00049795,0.00595903,2019-03-01
5.0,4.5,32020,878247,79,8.995e-05,0.00107889,2020-03-01
5.0,4.5,32021,555377,17,3.061e-05,0.00036726,2021-03-01
5.0,4.5,32022,362873,12,3.307e-05,0.00039676,2022-03-01
5.0,4.5,32023,583369,11,1.886e-05,0.00022625,2023-03-01
5.0,4.5,32024,546977,0,0.0,0.0,2024-03-01
5.0,4.5,32025,509987,0,0.0,0.0,2025-03-01
5.0,4.5,42018,111023,208,0.00187349,0.02225161,2018-04-01
5.0,4.5,42019,915217,905,0.00098884,0.01180172,2019-04-01
5.0,4.5,42020,857517,145,0.00016909,0.00202723,2020-04-01
5.0,4.5,42021,527738,21,3.979e-05,0.00047741,2021-04-01
5.0,4.5,42022,371569,33,8.881e-05,0.00106523,2022-04-01
5.0,4.5,42023,579927,18,3.104e-05,0.0003724,2023-04-01
5.0,4.5,42024,544056,0,0.0,0.0,2024-04-01
5.0,4.5,42025,507001,0,0.0,0.0,2025-04-01
5.0,4.5,52018,165977,389,0.0023437,0.02776466,2018-05-01
5.0,4.5,52019,939841,1618,0.00172157,0.02046432,2019-05-01
5.0,4.5,52020,826618,273,0.00033026,0.00395595,2020-05-01
5.0,4.5,52021,503991,37,7.341e-05,0.00088061,2021-05-01
5.0,4.5,52022,412680,116,0.00028109,0.00336786,2022-05-01
5.0,4.5,52023,576873,32,5.547e-05,0.00066545,2023-05-01
5.0,4.5,52024,541006,0,0.0,0.0,2024-05-01
5.0,4.5,52025,503870,0,0.0,0.0,2025-05-01
5.0,4.5,62018,237575,583,0.00245396,0.02905333,2018-06-01
5.0,4.5,62019,954224,2198,0.00230344,0.0272938,2019-06-01
5.0,4.5,62020,795665,465,0.00058442,0.0069905,2020-06-01
5.0,4.5,62021,484023,44,9.09e-05,0.00109031,2021-06-01
5.0,4.5,62022,462645,257,0.0005555,0.00664569,2022-06-01
5.0,4.5,62023,573131,32,5.583e-05,0.0006698,2023-06-01
5.0,4.5,62024,537614,0,0.0,0.0,2024-06-01
5.0,4.5,62025,500508,0,0.0,0.0,2025-06-01
5.0,4.5,72018,320456,903,0.00281786,0.03329514,2018-07-01
5.0,4.5,72019,969333,4992,0.00514993,0.06007846,2019-07-01
5.0,4.5,72020,763399,832,0.00108986,0.01300024,2020-07-01
5.0,4.5,72021,463871,70,0.0001509,0.00180935,2021-07-01
5.0,4.5,72022,493961,387,0.00078346,0.00936115,2022-07-01
5.0,4.5,72023,569466,28,4.917e-05,0.00058987,2023-07-01
5.0,4.5,72024,534012,0,0.0,0.0,2024-07-01
5.0,4.5,72025,497234,0,0.0,0.0,2025-07-01
5.0,4.5,82018,411340,1291,0.00313852,0.03701891,2018-08-01
5.0,4.5,82019,967134,5760,0.00595574,0.06917368,2019-08-01
5.0,4.5,82020,734199,874,0.00119041,0.0141918,2020-08-01
5.0,4.5,82021,446979,77,0.00017227,0.00206525,2021-08-01
5.0,4.5,82022,518006,512,0.00098841,0.0117966,2022-08-01
5.0,4.5,82023,566232,16,2.826e-05,0.00033903,2023-08-01
5.0,4.5,82024,530551,0,0.0,0.0,2024-08-01
5.0,4.5,82025,493884,0,0.0,0.0,2025-08-01
5.0,4.5,92018,487077,1400,0.00287429,0.0339514,2018-09-01
5.0,4.5,92019,959610,7564,0.00788237,0.09059359,2019-09-01
5.0,4.5,92020,707651,1019,0.00143998,0.01714351,2020-09-01
5.0,4.5,92021,430488,86,0.00019977,0.00239465,2021-09-01
5.0,4.5,92022,547087,525,0.00095963,0.01145495,2022-09-01
5.0,4.5,92023,562704,22,3.91e-05,0.00046906,2023-09-01
5.0,4.5,92024,527116,0,0.0,0.0,2024-09-01
5.0,4.5,92025,490838,0,0.0,0.0,2025-09-01
5.0,4.5,102018,563875,1824,0.00323476,0.0381339,2018-10-01
5.0,4.5,102019,943049,8819,0.00935158,0.10662334,2019-10-01
5.0,4.5,102020,680575,1202,0.00176615,0.02098918,2020-10-01
5.0,4.5,102021,415085,102,0.00024573,0.00294481,2021-10-01
5.0,4.5,102022,569585,561,0.00098493,0.01175532,2022-10-01
5.0,4.5,102023,559731,22,3.93e-05,0.00047155,2023-10-01
5.0,4.5,102024,524013,0,0.0,0.0,2024-10-01
5.0,4.5,102025,454705,0,0.0,0.0,2025-10-01
5.0,4.5,112018,638095,1757,0.00275351,0.03254627,2018-11-01
5.0,4.5,112019,924711,7075,0.00765104,0.08804579,2019-11-01
5.0,4.5,112020,652269,1165,0.00178607,0.02122358,2020-11-01
5.0,4.5,112021,400661,110,0.00027455,0.00328959,2021-11-01
5.0,4.5,112022,578324,543,0.00093892,0.01120904,2022-11-01
5.0,4.5,112023,556584,38,6.827e-05,0.00081898,2023-11-01
5.0,4.5,112024,520674,0,0.0,0.0,2024-11-01
5.0,4.5,112025,451763,0,0.0,0.0,2025-11-01
5.0,4.5,122018,712563,93181,0.13076879,0.81395254,2018-12-01
5.0,4.5,122019,913709,22618,0.02475405,0.25976459,2019-12-01
5.0,4.5,122020,626828,27646,0.0441046,0.41799804,2020-12-01
5.0,4.5,122021,387336,12755,0.03293007,0.33089453,2021-12-01
5.0,4.5,122022,580905,2673,0.00460144,0.05384107,2022-12-01
5.0,4.5,122023,554124,2462,0.00444305,0.05203281,2023-12-01
5.0,4.5,122024,517765,2953,0.00570336,0.06633374,2024-12-01
5.0,4.5,122025,449402,2687,0.00597906,0.06943564,2025-12-01
5.5,5.0,12018,2283,0,0.0,0.0,2018-01-01
5.5,5.0,12019,150818,0,0.0,0.0,2019-01-01
5.5,5.0,12020,176648,0,0.0,0.0,2020-01-01
5.5,5.0,12021,128234,0,0.0,0.0,2021-01-01
5.5,5.0,12022,82336,0,0.0,0.0,2022-01-01
5.5,5.0,12023,271123,0,0.0,0.0,2023-01-01
5.5,5.0,12024,267840,0,0.0,0.0,2024-01-01
5.5,5.0,12025,250336,0,0.0,0.0,2025-01-01
5.5,5.0,22018,4514,10,0.00221533,0.02626243,2018-02-01
5.5,5.0,22019,161703,54,0.00033395,0.00399999,2019-02-01
5.5,5.0,22020,174457,12,6.878e-05,0.00082511,2020-02-01
5.5,5.0,22021,124310,1,8.04e-06,9.653e-05,2021-02-01
5.5,5.0,22022,80029,0,0.0,0.0,2022-02-01
5.5,5.0,22023,274487,7,2.55e-05,0.00030598,2023-02-01
5.5,5.0,22024,266865,0,0.0,0.0,2024-02-01
5.5,5.0,22025,249173,0,0.0,0.0,2025-02-01
5.5,5.0,32018,8204,39,0.00475378,0.05557723,2018-03-01
5.5,5.0,32019,169591,119,0.00070169,0.00838784,2019-03-01
5.5,5.0,32020,171885,19,0.00011054,0.00132566,2020-03-01
5.5,5.0,32021,120260,1,8.32e-06,9.978e-05,2021-03-01
5.5,5.0,32022,78043,0,0.0,0.0,2022-03-01
5.5,5.0,32023,281220,19,6.756e-05,0.00081045,2023-03-01
5.5,5.0,32024,265638,0,0.0,0.0,2024-03-01
5.5,5.0,32025,247942,0,0.0,0.0,2025-03-01
5.5,5.0,42018,15718,54,0.00343555,0.04045647,2018-04-01
5.5,5.0,42019,175409,196,0.00111739,0.01332656,2019-04-01
5.5,5.0,42020,168884,44,0.00026053,0.00312193,2020-04-01
5.5,5.0,42021,115058,1,8.69e-06,0.00010429,2021-04-01
5.5,5.0,42022,77231,1,1.295e-05,0.00015537,2022-04-01
5.5,5.0,42023,279841,34,0.0001215,0.001457,2023-04-01
5.5,5.0,42024,264255,0,0.0,0.0,2024-04-01
5.5,5.0,42025,246449,0,0.0,0.0,2025-04-01
5.5,5.0,52018,27021,82,0.00303468,0.03581442,2018-05-01
5.5,5.0,52019,179714,355,0.00197536,0.02344848,2019-05-01
5.5,5.0,52020,164578,55,0.00033419,0.00400289,2020-05-01
5.5,5.0,52021,110330,6,5.438e-05,0.00065239,2021-05-01
5.5,5.0,52022,89029,10,0.00011232,0.00134704,2022-05-01
5.5,5.0,52023,278628,31,0.00011126,0.0013343,2023-05-01
5.5,5.0,52024,262733,0,0.0,0.0,2024-05-01
5.5,5.0,52025,244790,0,0.0,0.0,2025-05-01
5.5,5.0,62018,41008,169,0.00412115,0.04834809,2018-06-01
5.5,5.0,62019,182479,493,0.00270168,0.03194274,2019-06-01
5.5,5.0,62020,160211,107,0.00066787,0.00798506,2020-06-01
5.5,5.0,62021,106240,4,3.765e-05,0.00045171,2021-06-01
5.5,5.0,62022,124853,55,0.00044052,0.00527343,2022-06-01
5.5,5.0,62023,277163,45,0.00016236,0.00194657,2023-06-01
5.5,5.0,62024,261143,0,0.0,0.0,2024-06-01
5.5,5.0,62025,243071,0,0.0,0.0,2025-06-01
5.5,5.0,72018,56924,197,0.00346075,0.04074763,2018-07-01
5.5,5.0,72019,185131,929,0.00501807,0.05858236,2019-07-01
5.5,5.0,72020,155302,155,0.00099806,0.01191114,2020-07-01
5.5,5.0,72021,102120,5,4.896e-05,0.00058739,2021-07-01
5.5,5.0,72022,161177,167,0.00103613,0.01236292,2022-07-01
5.5,5.0,72023,275582,51,0.00018506,0.0022185,2023-07-01
5.5,5.0,72024,259594,0,0.0,0.0,2024-07-01
5.5,5.0,72025,241355,0,0.0,0.0,2025-07-01
5.5,5.0,82018,72984,317,0.00434342,0.05089376,2018-08-01
5.5,5.0,82019,185053,1045,0.00564703,0.06569882,2019-08-01
5.5,5.0,82020,150718,141,0.00093552,0.01116868,2020-08-01
5.5,5.0,82021,98464,3,3.047e-05,0.00036555,2021-08-01
5.5,5.0,82022,193177,295,0.0015271,0.01817203,2022-08-01
5.5,5.0,82023,274209,54,0.00019693,0.0023606,2023-08-01
5.5,5.0,82024,257951,0,0.0,0.0,2024-08-01
5.5,5.0,82025,239646,0,0.0,0.0,2025-08-01
5.5,5.0,92018,86952,338,0.0038872,0.04566195,2018-09-01
5.5,5.0,92019,184506,1202,0.00651469,0.07543514,2019-09-01
5.5,5.0,92020,146513,159,0.00108523,0.01294529,2020-09-01
5.5,5.0,92021,94725,3,3.167e-05,0.00037998,2021-09-01
5.5,5.0,92022,226129,373,0.0016495,0.01961542,2022-09-01
5.5,5.0,92023,272678,51,0.00018703,0.0022421,2023-09-01
5.5,5.0,92024,256314,0,0.0,0.0,2024-09-01
5.5,5.0,92025,238030,0,0.0,0.0,2025-09-01
5.5,5.0,102018,101138,487,0.0048152,0.05627645,2018-10-01
5.5,5.0,102019,183087,1396,0.00762479,0.08775628,2019-10-01
5.5,5.0,102020,142136,174,0.00122418,0.01459165,2020-10-01
5.5,5.0,102021,91422,2,2.188e-05,0.00026249,2021-10-01
5.5,5.0,102022,252048,366,0.0014521,0.01728676,2022-10-01
5.5,5.0,102023,271357,51,0.00018794,0.002253,2023-10-01
5.5,5.0,102024,254914,0,0.0,0.0,2024-10-01
5.5,5.0,102025,220492,0,0.0,0.0,2025-10-01
5.5,5.0,112018,116427,546,0.00468963,0.05484654,2018-11-01
5.5,5.0,112019,180844,1306,0.00722169,0.08329977,2019-11-01
5.5,5.0,112020,137443,203,0.00147698,0.01758044,2020-11-01
5.5,5.0,112021,88226,2,2.267e-05,0.00027199,2021-11-01
5.5,5.0,112022,264137,391,0.00148029,0.0176196,2022-11-01
5.5,5.0,112023,269960,37,0.00013706,0.00164345,2023-11-01
5.5,5.0,112024,253204,0,0.0,0.0,2024-11-01
5.5,5.0,112025,218947,0,0.0,0.0,2025-11-01
5.5,5.0,122018,133827,16932,0.12652155,0.80274578,2018-12-01
5.5,5.0,122019,179024,4116,0.02299133,0.24354864,2019-12-01
5.5,5.0,122020,133076,4874,0.03662569,0.36094131,2020-12-01
5.5,5.0,122021,85195,2861,0.03358178,0.33628552,2021-12-01
5.5,5.0,122022,268534,961,0.00357869,0.04210902,2022-12-01
5.5,5.0,122023,268891,1051,0.00390865,0.04590847,2023-12-01
5.5,5.0,122024,251776,1440,0.00571937,0.06651413,2024-12-01
5.5,5.0,122025,217723,1349,0.00619595,0.07186924,2025-12-01
6.0,5.5,12018,197,0,0.0,0.0,2018-01-01
6.0,5.5,12019,78941,0,0.0,0.0,2019-01-01
6.0,5.5,12020,94228,0,0.0,0.0,2020-01-01
6.0,5.5,12021,68112,0,0.0,0.0,2021-01-01
6.0,5.5,12022,44049,0,0.0,0.0,2022-01-01
6.0,5.5,12023,243168,0,0.0,0.0,2023-01-01
6.0,5.5,12024,279907,0,0.0,0.0,2024-01-01
6.0,5.5,12025,259879,0,0.0,0.0,2025-01-01
6.0,5.5,22018,566,3,0.00530035,0.06178243,2018-02-01
6.0,5.5,22019,87148,30,0.00034424,0.00412309,2019-02-01
6.0,5.5,22020,92738,4,4.313e-05,0.00051746,2020-02-01
6.0,5.5,22021,66074,0,0.0,0.0,2021-02-01
6.0,5.5,22022,42772,0,0.0,0.0,2022-02-01
6.0,5.5,22023,262162,37,0.00014113,0.0016923,2023-02-01
6.0,5.5,22024,278739,0,0.0,0.0,2024-02-01
6.0,5.5,22025,258471,0,0.0,0.0,2025-02-01
6.0,5.5,32018,1337,5,0.00373972,0.04396496,2018-03-01
6.0,5.5,32019,92459,96,0.0010383,0.01238867,2019-03-01
6.0,5.5,32020,91112,11,0.00012073,0.0014478,2020-03-01
6.0,5.5,32021,64082,0,0.0,0.0,2021-03-01
6.0,5.5,32022,41556,0,0.0,0.0,2022-03-01
6.0,5.5,32023,294081,121,0.00041145,0.00492626,2023-03-01
6.0,5.5,32024,277449,0,0.0,0.0,2024-03-01
6.0,5.5,32025,257050,0,0.0,0.0,2025-03-01
6.0,5.5,42018,3023,10,0.00330797,0.03898135,2018-04-01
6.0,5.5,42019,96096,171,0.00177947,0.02114589,2019-04-01
6.0,5.5,42020,89196,14,0.00015696,0.00188187,2020-04-01
6.0,5.5,42021,61484,1,1.626e-05,0.00019516,2021-04-01
6.0,5.5,42022,40536,0,0.0,0.0,2022-04-01
6.0,5.5,42023,292700,182,0.0006218,0.0074361,2023-04-01
6.0,5.5,42024,275857,0,0.0,0.0,2024-04-01
6.0,5.5,42025,255296,0,0.0,0.0,2025-04-01
6.0,5.5,52018,6100,35,0.0057377,0.06672068,2018-05-01
6.0,5.5,52019,98748,294,0.00297728,0.03514804,2019-05-01
6.0,5.5,52020,86933,18,0.00020706,0.00248184,2020-05-01
6.0,5.5,52021,59009,0,0.0,0.0,2021-05-01
6.0,5.5,52022,46605,4,8.583e-05,0.00102945,2022-05-01
6.0,5.5,52023,291411,209,0.0007172,0.00857253,2023-05-01
6.0,5.5,52024,274141,0,0.0,0.0,2024-05-01
6.0,5.5,52025,253372,0,0.0,0.0,2025-05-01
6.0,5.5,62018,10668,33,0.00309336,0.03649528,2018-06-01
6.0,5.5,62019,99672,397,0.00398306,0.04676347,2019-06-01
6.0,5.5,62020,84604,36,0.00042551,0.00509421,2020-06-01
6.0,5.5,62021,56930,0,0.0,0.0,2021-06-01
6.0,5.5,62022,69649,30,0.00043073,0.00515655,2022-06-01
6.0,5.5,62023,289910,214,0.00073816,0.00882205,2023-06-01
6.0,5.5,62024,272329,0,0.0,0.0,2024-06-01
6.0,5.5,62025,251357,0,0.0,0.0,2025-06-01
6.0,5.5,72018,17447,59,0.00338167,0.03983373,2018-07-01
6.0,5.5,72019,100502,621,0.00617898,0.0716791,2019-07-01
6.0,5.5,72020,82005,60,0.00073166,0.00874471,2020-07-01
6.0,5.5,72021,54714,0,0.0,0.0,2021-07-01
6.0,5.5,72022,99987,131,0.00131017,0.01560925,2022-07-01
6.0,5.5,72023,288362,216,0.00074906,0.00895176,2023-07-01
6.0,5.5,72024,270611,0,0.0,0.0,2024-07-01
6.0,5.5,72025,249430,0,0.0,0.0,2025-07-01
6.0,5.5,82018,25518,106,0.00415393,0.04872395,2018-08-01
6.0,5.5,82019,100306,652,0.00650011,0.07527227,2019-08-01
6.0,5.5,82020,79599,55,0.00069096,0.00826012,2020-08-01
6.0,5.5,82021,52699,0,0.0,0.0,2021-08-01
6.0,5.5,82022,136570,256,0.0018745,0.0222635,2022-08-01
6.0,5.5,82023,287008,263,0.00091635,0.01094096,2023-08-01
6.0,5.5,82024,268794,0,0.0,0.0,2024-08-01
6.0,5.5,82025,247469,0,0.0,0.0,2025-08-01
6.0,5.5,92018,33020,107,0.00324046,0.03819992,2018-09-01
6.0,5.5,92019,99848,760,0.00761157,0.08761043,2019-09-01
6.0,5.5,92020,77453,62,0.00080049,0.00956365,2020-09-01
6.0,5.5,92021,50720,0,0.0,0.0,2021-09-01
6.0,5.5,92022,166062,403,0.0024268,0.02873608,2022-09-01
6.0,5.5,92023,285400,241,0.00084443,0.01008622,2023-09-01
6.0,5.5,92024,266933,0,0.0,0.0,2024-09-01
6.0,5.5,92025,245642,0,0.0,0.0,2025-09-01
6.0,5.5,102018,41096,173,0.00420966,0.04936252,2018-10-01
6.0,5.5,102019,98831,904,0.00914693,0.10440611,2019-10-01
6.0,5.5,102020,75249,67,0.00089038,0.01063236,2020-10-01
6.0,5.5,102021,48956,0,0.0,0.0,2021-10-01
6.0,5.5,102022,194387,414,0.00212977,0.02526001,2022-10-01
6.0,5.5,102023,284012,285,0.00100348,0.01197551,2023-10-01
6.0,5.5,102024,265239,0,0.0,0.0,2024-10-01
6.0,5.5,102025,184030,0,0.0,0.0,2025-10-01
6.0,5.5,112018,51609,219,0.00424345,0.04974955,2018-11-01
6.0,5.5,112019,97185,824,0.00847867,0.09713106,2019-11-01
6.0,5.5,112020,72893,65,0.00089172,0.01064829,2020-11-01
6.0,5.5,112021,47226,1,2.117e-05,0.00025407,2021-11-01
6.0,5.5,112022,213921,441,0.00206151,0.02445953,2022-11-01
6.0,5.5,112023,282412,224,0.00079317,0.0094766,2023-11-01
6.0,5.5,112024,263302,0,0.0,0.0,2024-11-01
6.0,5.5,112025,182502,0,0.0,0.0,2025-11-01
6.0,5.5,122018,64645,9925,0.15353082,0.86468879,2018-12-01
6.0,5.5,122019,95749,2183,0.02279919,0.24176156,2019-12-01
6.0,5.5,122020,70680,2571,0.03637521,0.35894461,2020-12-01
6.0,5.5,122021,45606,1557,0.03414024,0.34087339,2021-12-01
6.0,5.5,122022,226796,780,0.00343921,0.04049879,2022-12-01
6.0,5.5,122023,281138,1231,0.00437863,0.0512965,2023-12-01
6.0,5.5,122024,261630,1751,0.00669266,0.07742061,2024-12-01
6.0,5.5,122025,181275,1369,0.00755206,0.08695369,2025-12-01
6.5,6.0,12019,4054,0,0.0,0.0,2019-01-01
6.5,6.0,12020,5917,0,0.0,0.0,2020-01-01
6.5,6.0,12021,4295,0,0.0,0.0,2021-01-01
6.5,6.0,12022,2763,0,0.0,0.0,2022-01-01
6.5,6.0,12023,93163,0,0.0,0.0,2023-01-01
6.5,6.0,12024,122893,0,0.0,0.0,2024-01-01
6.5,6.0,12025,113005,0,0.0,0.0,2025-01-01
6.5,6.0,22019,4925,1,0.00020305,0.00243383,2019-02-01
6.5,6.0,22020,5835,0,0.0,0.0,2020-02-01
6.5,6.0,22021,4174,0,0.0,0.0,2021-02-01
6.5,6.0,22022,2671,0,0.0,0.0,2022-02-01
6.5,6.0,22023,110003,56,0.00050908,0.00609185,2023-02-01
6.5,6.0,22024,122301,0,0.0,0.0,2024-02-01
6.5,6.0,22025,112323,0,0.0,0.0,2025-02-01
6.5,6.0,32019,5507,12,0.00217904,0.02583742,2019-03-01
6.5,6.0,32020,5726,0,0.0,0.0,2020-03-01
6.5,6.0,32021,4061,0,0.0,0.0,2021-03-01
6.5,6.0,32022,2574,0,0.0,0.0,2022-03-01
6.5,6.0,32023,129167,123,0.00095226,0.01136741,2023-03-01
6.5,6.0,32024,121678,0,0.0,0.0,2024-03-01
6.5,6.0,32025,111605,0,0.0,0.0,2025-03-01
6.5,6.0,42018,17,0,0.0,0.0,2018-04-01
6.5,6.0,42019,5874,11,0.00187266,0.0222419,2019-04-01
6.5,6.0,42020,5615,0,0.0,0.0,2020-04-01
6.5,6.0,42021,3915,0,0.0,0.0,2021-04-01
6.5,6.0,42022,2470,0,0.0,0.0,2022-04-01
6.5,6.0,42023,128645,216,0.00167904,0.01996344,2023-04-01
6.5,6.0,42024,120956,0,0.0,0.0,2024-04-01
6.5,6.0,42025,110665,0,0.0,0.0,2025-04-01
6.5,6.0,52018,88,0,0.0,0.0,2018-05-01
6.5,6.0,52019,6242,21,0.00336431,0.03963297,2019-05-01
6.5,6.0,52020,5470,1,0.00018282,0.00219158,2020-05-01
6.5,6.0,52021,3775,0,0.0,0.0,2021-05-01
6.5,6.0,52022,2452,0,0.0,0.0,2022-05-01
6.5,6.0,52023,128019,241,0.00188253,0.02235796,2023-05-01
6.5,6.0,52024,120105,0,0.0,0.0,2024-05-01
6.5,6.0,52025,109689,0,0.0,0.0,2025-05-01
6.5,6.0,62018,181,1,0.00552486,0.0643204,2018-06-01
6.5,6.0,62019,6348,50,0.0078765,0.09052899,2019-06-01
6.5,6.0,62020,5301,1,0.00018864,0.00226138,2020-06-01
6.5,6.0,62021,3634,0,0.0,0.0,2021-06-01
6.5,6.0,62022,3590,1,0.00027855,0.0033375,2022-06-01
6.5,6.0,62023,127288,229,0.00179907,0.02137649,2023-06-01
6.5,6.0,62024,119280,0,0.0,0.0,2024-06-01
6.5,6.0,62025,108663,0,0.0,0.0,2025-06-01
6.5,6.0,72018,345,2,0.0057971,0.0673895,2018-07-01
6.5,6.0,72019,6408,42,0.00655431,0.07587744,2019-07-01
6.5,6.0,72020,5124,0,0.0,0.0,2020-07-01
6.5,6.0,72021,3486,0,0.0,0.0,2021-07-01
6.5,6.0,72022,9853,8,0.00081194,0.00969983,2022-07-01
6.5,6.0,72023,126634,210,0.00165832,0.01971937,2023-07-01
6.5,6.0,72024,118534,0,0.0,0.0,2024-07-01
6.5,6.0,72025,107762,0,0.0,0.0,2025-07-01
6.5,6.0,82018,648,3,0.00462963,0.05416255,2018-08-01
6.5,6.0,82019,6417,58,0.00903849,0.10322926,2019-08-01
6.5,6.0,82020,4956,1,0.00020178,0.00241862,2020-08-01
6.5,6.0,82021,3354,0,0.0,0.0,2021-08-01
6.5,6.0,82022,21615,44,0.00203562,0.02415584,2022-08-01
6.5,6.0,82023,126032,275,0.00218199,0.02587187,2023-08-01
6.5,6.0,82024,117690,0,0.0,0.0,2024-08-01
6.5,6.0,82025,106788,0,0.0,0.0,2025-08-01
6.5,6.0,92018,1081,4,0.00370028,0.04351071,2018-09-01
6.5,6.0,92019,6369,69,0.01083373,0.12253135,2019-09-01
6.5,6.0,92020,4822,0,0.0,0.0,2020-09-01
6.5,6.0,92021,3228,0,0.0,0.0,2021-09-01
6.5,6.0,92022,29616,115,0.00388304,0.04561406,2022-09-01
6.5,6.0,92023,125342,260,0.00207432,0.02460986,2023-09-01
6.5,6.0,92024,116807,0,0.0,0.0,2024-09-01
6.5,6.0,92025,105881,0,0.0,0.0,2025-09-01
6.5,6.0,102018,1528,6,0.0039267,0.04611597,2018-10-01
6.5,6.0,102019,6257,62,0.0099089,0.11263587,2019-10-01
6.5,6.0,102020,4695,1,0.00021299,0.00255292,2020-10-01
6.5,6.0,102021,3107,0,0.0,0.0,2021-10-01
6.5,6.0,102022,41511,138,0.00332442,0.03917165,2022-10-01
6.5,6.0,102023,124712,261,0.00209282,0.0248268,2023-10-01
6.5,6.0,102024,115928,0,0.0,0.0,2024-10-01
6.5,6.0,102025,58519,0,0.0,0.0,2025-10-01
6.5,6.0,112018,2177,11,0.00505282,0.05897691,2018-11-01
6.5,6.0,112019,6147,83,0.01350252,0.15052275,2019-11-01
6.5,6.0,112020,4543,0,0.0,0.0,2020-11-01
6.5,6.0,112021,2993,0,0.0,0.0,2021-11-01
6.5,6.0,112022,57120,135,0.00236345,0.02799557,2022-11-01
6.5,6.0,112023,124036,236,0.00190267,0.02259466,2023-11-01
6.5,6.0,112024,114717,0,0.0,0.0,2024-11-01
6.5,6.0,112025,57823,0,0.0,0.0,2025-11-01
6.5,6.0,122018,2896,384,0.13259669,0.81859346,2018-12-01
6.5,6.0,122019,6026,120,0.01991371,0.21445371,2019-12-01
6.5,6.0,122020,4421,126,0.02850034,0.2931751,2020-12-01
6.5,6.0,122021,2867,104,0.03627485,0.35814297,2021-12-01
6.5,6.0,122022,73395,204,0.00277948,0.03284858,2022-12-01
6.5,6.0,122023,123448,555,0.00449582,0.05263561,2023-12-01
6.5,6.0,122024,113853,848,0.0074482,0.08580641,2024-12-01
6.5,6.0,122025,57228,592,0.01034459,0.11731031,2025-12-01
7.0,6.5,12019,32,0,0.0,0.0,2019-01-01
7.0,6.5,12020,49,0,0.0,0.0,2020-01-01
7.0,6.5,12021,37,0,0.0,0.0,2021-01-01
7.0,6.5,12022,27,0,0.0,0.0,2022-01-01
7.0,6.5,12023,71788,0,0.0,0.0,2023-01-01
7.0,6.5,12024,86177,0,0.0,0.0,2024-01-01
7.0,6.5,12025,76790,0,0.0,0.0,2025-01-01
7.0,6.5,22019,46,0,0.0,0.0,2019-02-01
7.0,6.5,22020,49,0,0.0,0.0,2020-02-01
7.0,6.5,22021,37,0,0.0,0.0,2021-02-01
7.0,6.5,22022,27,0,0.0,0.0,2022-02-01
7.0,6.5,22023,80835,86,0.0010639,0.01269231,2023-02-01
7.0,6.5,22024,85616,0,0.0,0.0,2024-02-01
7.0,6.5,22025,76121,0,0.0,0.0,2025-02-01
7.0,6.5,32019,49,0,0.0,0.0,2019-03-01
7.0,6.5,32020,48,0,0.0,0.0,2020-03-01
7.0,6.5,32021,36,0,0.0,0.0,2021-03-01
7.0,6.5,32022,26,0,0.0,0.0,2022-03-01
7.0,6.5,32023,92020,153,0.00166268,0.01977073,2023-03-01
7.0,6.5,32024,85001,0,0.0,0.0,2024-03-01
7.0,6.5,32025,75526,0,0.0,0.0,2025-03-01
7.0,6.5,42019,51,1,0.01960784,0.21150682,2019-04-01
7.0,6.5,42020,48,0,0.0,0.0,2020-04-01
7.0,6.5,42021,35,0,0.0,0.0,2021-04-01
7.0,6.5,42022,26,0,0.0,0.0,2022-04-01
7.0,6.5,42023,91495,214,0.00233893,0.02770885,2023-04-01
7.0,6.5,42024,84308,0,0.0,0.0,2024-04-01
7.0,6.5,42025,74722,0,0.0,0.0,2025-04-01
7.0,6.5,52018,2,0,0.0,0.0,2018-05-01
7.0,6.5,52019,51,0,0.0,0.0,2019-05-01
7.0,6.5,52020,47,0,0.0,0.0,2020-05-01
7.0,6.5,52021,35,0,0.0,0.0,2021-05-01
7.0,6.5,52022,26,0,0.0,0.0,2022-05-01
7.0,6.5,52023,90862,320,0.00352182,0.04145281,2023-05-01
7.0,6.5,52024,83563,0,0.0,0.0,2024-05-01
7.0,6.5,52025,73772,0,0.0,0.0,2025-05-01
7.0,6.5,62018,2,1,0.5,0.99975586,2018-06-01
7.0,6.5,62019,50,2,0.04,0.38729024,2019-06-01
7.0,6.5,62020,47,0,0.0,0.0,2020-06-01
7.0,6.5,62021,35,0,0.0,0.0,2021-06-01
7.0,6.5,62022,122,0,0.0,0.0,2022-06-01
7.0,6.5,62023,90096,242,0.00268602,0.03176035,2023-06-01
7.0,6.5,62024,82900,0,0.0,0.0,2024-06-01
7.0,6.5,62025,72890,0,0.0,0.0,2025-06-01
7.0,6.5,72018,2,0,0.0,0.0,2018-07-01
7.0,6.5,72019,48,0,0.0,0.0,2019-07-01
7.0,6.5,72020,46,0,0.0,0.0,2020-07-01
7.0,6.5,72021,33,0,0.0,0.0,2021-07-01
7.0,6.5,72022,772,1,0.00129534,0.01543378,2022-07-01
7.0,6.5,72023,89388,230,0.00257305,0.03044339,2023-07-01
7.0,6.5,72024,82305,0,0.0,0.0,2024-07-01
7.0,6.5,72025,72160,0,0.0,0.0,2025-07-01
7.0,6.5,82018,2,0,0.0,0.0,2018-08-01
7.0,6.5,82019,52,0,0.0,0.0,2019-08-01
7.0,6.5,82020,45,0,0.0,0.0,2020-08-01
7.0,6.5,82021,31,0,0.0,0.0,2021-08-01
7.0,6.5,82022,4079,6,0.00147095,0.01750928,2022-08-01
7.0,6.5,82023,88799,281,0.00316445,0.03731942,2023-08-01
7.0,6.5,82024,81626,0,0.0,0.0,2024-08-01
7.0,6.5,82025,71292,0,0.0,0.0,2025-08-01
7.0,6.5,92018,4,0,0.0,0.0,2018-09-01
7.0,6.5,92019,52,0,0.0,0.0,2019-09-01
7.0,6.5,92020,44,0,0.0,0.0,2020-09-01
7.0,6.5,92021,31,0,0.0,0.0,2021-09-01
7.0,6.5,92022,7349,30,0.00408219,0.04790124,2022-09-01
7.0,6.5,92023,88163,234,0.00265417,0.03138924,2023-09-01
7.0,6.5,92024,80887,0,0.0,0.0,2024-09-01
7.0,6.5,92025,70516,0,0.0,0.0,2025-09-01
7.0,6.5,102018,4,0,0.0,0.0,2018-10-01
7.0,6.5,102019,51,1,0.01960784,0.21150682,2019-10-01
7.0,6.5,102020,41,0,0.0,0.0,2020-10-01
7.0,6.5,102021,30,0,0.0,0.0,2021-10-01
7.0,6.5,102022,12928,39,0.00301671,0.03560586,2022-10-01
7.0,6.5,102023,87639,212,0.00241901,0.02864506,2023-10-01
7.0,6.5,102024,80002,0,0.0,0.0,2024-10-01
7.0,6.5,102025,40038,0,0.0,0.0,2025-10-01
7.0,6.5,112018,5,0,0.0,0.0,2018-11-01
7.0,6.5,112019,51,1,0.01960784,0.21150682,2019-11-01
7.0,6.5,112020,39,0,0.0,0.0,2020-11-01
7.0,6.5,112021,28,0,0.0,0.0,2021-11-01
7.0,6.5,112022,29278,58,0.00198101,0.02351481,2022-11-01
7.0,6.5,112023,87104,174,0.00199761,0.02370972,2023-11-01
7.0,6.5,112024,78512,0,0.0,0.0,2024-11-01
7.0,6.5,112025,39258,0,0.0,0.0,2025-11-01
7.0,6.5,122018,17,5,0.29411765,0.9846966,2018-12-01
7.0,6.5,122019,52,3,0.05769231,0.50986825,2019-12-01
7.0,6.5,122020,37,0,0.0,0.0,2020-12-01
7.0,6.5,122021,27,0,0.0,0.0,2021-12-01
7.0,6.5,122022,53547,144,0.00268923,0.03179766,2022-12-01
7.0,6.5,122023,86617,440,0.00507983,0.05928341,2023-12-01
7.0,6.5,122024,77545,755,0.00973628,0.11077757,2024-12-01
7.0,6.5,122025,38606,659,0.01706989,0.18666082,2025-12-01
7.5,7.0,12023,22354,0,0.0,0.0,2023-01-01
7.5,7.0,12024,26776,0,0.0,0.0,2024-01-01
7.5,7.0,12025,22640,0,0.0,0.0,2025-01-01
7.5,7.0,22023,25534,60,0.00234981,0.02783611,2023-02-01
7.5,7.0,22024,26477,0,0.0,0.0,2024-02-01
7.5,7.0,22025,22383,0,0.0,0.0,2025-02-01
7.5,7.0,32023,29249,102,0.0034873,0.0410542,2023-03-01
7.5,7.0,32024,26166,0,0.0,0.0,2024-03-01
7.5,7.0,32025,22137,0,0.0,0.0,2025-03-01
7.5,7.0,42023,29016,111,0.00382548,0.04495206,2023-04-01
7.5,7.0,42024,25861,0,0.0,0.0,2024-04-01
7.5,7.0,42025,21815,0,0.0,0.0,2025-04-01
7.5,7.0,52023,28771,139,0.00483125,0.05645908,2023-05-01
7.5,7.0,52024,25556,0,0.0,0.0,2024-05-01
7.5,7.0,52025,21406,0,0.0,0.0,2025-05-01
7.5,7.0,62023,28456,142,0.00499016,0.05826544,2023-06-01
7.5,7.0,62024,25245,0,0.0,0.0,2024-06-01
7.5,7.0,62025,21085,0,0.0,0.0,2025-06-01
7.5,7.0,72023,28157,107,0.00380012,0.04466032,2023-07-01
7.5,7.0,72024,25002,0,0.0,0.0,2024-07-01
7.5,7.0,72025,20823,0,0.0,0.0,2025-07-01
7.5,7.0,82022,5,0,0.0,0.0,2022-08-01
7.5,7.0,82023,27902,138,0.00494588,0.05776243,2023-08-01
7.5,7.0,82024,24716,0,0.0,0.0,2024-08-01
7.5,7.0,82025,20514,0,0.0,0.0,2025-08-01
7.5,7.0,92022,35,0,0.0,0.0,2022-09-01
7.5,7.0,92023,27619,122,0.00441725,0.05173796,2023-09-01
7.5,7.0,92024,24398,0,0.0,0.0,2024-09-01
7.5,7.0,92025,20217,0,0.0,0.0,2025-09-01
7.5,7.0,102022,476,0,0.0,0.0,2022-10-01
7.5,7.0,102023,27388,106,0.00387031,0.04546771,2023-10-01
7.5,7.0,102024,24034,0,0.0,0.0,2024-10-01
7.5,7.0,102025,10352,0,0.0,0.0,2025-10-01
7.5,7.0,112022,4632,3,0.00064767,0.0077444,2022-11-01
7.5,7.0,112023,27156,91,0.00335101,0.03947919,2023-11-01
7.5,7.0,112024,23430,0,0.0,0.0,2024-11-01
7.5,7.0,112025,10071,0,0.0,0.0,2025-11-01
7.5,7.0,122022,15486,25,0.00161436,0.01920125,2022-12-01
7.5,7.0,122023,26982,206,0.00763472,0.08786581,2023-12-01
7.5,7.0,122024,22980,340,0.01479547,0.16378726,2024-12-01
7.5,7.0,122025,9841,255,0.025912,0.27024292,2025-12-01
8.0,7.5,12023,3378,0,0.0,0.0,2023-01-01
8.0,7.5,12024,3532,0,0.0,0.0,2024-01-01
8.0,7.5,12025,2843,0,0.0,0.0,2025-01-01
8.0,7.5,22023,3869,20,0.00516929,0.06029795,2023-02-01
8.0,7.5,22024,3473,0,0.0,0.0,2024-02-01
8.0,7.5,22025,2807,0,0.0,0.0,2025-02-01
8.0,7.5,32023,4003,26,0.00649513,0.07521663,2023-03-01
8.0,7.5,32024,3405,0,0.0,0.0,2024-03-01
8.0,7.5,32025,2766,0,0.0,0.0,2025-03-01
8.0,7.5,42023,3945,25,0.00633714,0.07345031,2023-04-01
8.0,7.5,42024,3345,0,0.0,0.0,2024-04-01
8.0,7.5,42025,2721,0,0.0,0.0,2025-04-01
8.0,7.5,52023,3909,33,0.00844206,0.09673085,2023-05-01
8.0,7.5,52024,3291,0,0.0,0.0,2024-05-01
8.0,7.5,52025,2669,0,0.0,0.0,2025-05-01
8.0,7.5,62023,3849,27,0.00701481,0.08100477,2023-06-01
8.0,7.5,62024,3240,0,0.0,0.0,2024-06-01
8.0,7.5,62025,2609,0,0.0,0.0,2025-06-01
8.0,7.5,72023,3788,30,0.00791975,0.09100464,2023-07-01
8.0,7.5,72024,3200,0,0.0,0.0,2024-07-01
8.0,7.5,72025,2568,0,0.0,0.0,2025-07-01
8.0,7.5,82023,3727,36,0.00965924,0.10994708,2023-08-01
8.0,7.5,82024,3159,0,0.0,0.0,2024-08-01
8.0,7.5,82025,2516,0,0.0,0.0,2025-08-01
8.0,7.5,92023,3675,21,0.00571429,0.06645685,2023-09-01
8.0,7.5,92024,3100,0,0.0,0.0,2024-09-01
8.0,7.5,92025,2470,0,0.0,0.0,2025-09-01
8.0,7.5,102022,1,0,0.0,0.0,2022-10-01
8.0,7.5,102023,3636,25,0.00687569,0.07945851,2023-10-01
8.0,7.5,102024,3050,0,0.0,0.0,2024-10-01
8.0,7.5,102025,1145,0,0.0,0.0,2025-10-01
8.0,7.5,112022,188,0,0.0,0.0,2022-11-01
8.0,7.5,112023,3598,18,0.00500278,0.05840876,2023-11-01
8.0,7.5,112024,2955,0,0.0,0.0,2024-11-01
8.0,7.5,112025,1122,0,0.0,0.0,2025-11-01
8.0,7.5,122022,1915,0,0.0,0.0,2022-12-01
8.0,7.5,122023,3569,37,0.01036705,0.1175507,2023-12-01
8.0,7.5,122024,2896,53,0.0183011,0.19880243,2024-12-01
8.0,7.5,122025,1099,25,0.02274795,0.24128431,2025-12-01
8.5,8.0,12024,5,0,0.0,0.0,2024-01-01
8.5,8.0,12025,4,0,0.0,0.0,2025-01-01
8.5,8.0,22024,5,0,0.0,0.0,2024-02-01
8.5,8.0,22025,4,0,0.0,0.0,2025-02-01
8.5,8.0,32023,5,0,0.0,0.0,2023-03-01
8.5,8.0,32024,5,0,0.0,0.0,2024-03-01
8.5,8.0,32025,4,0,0.0,0.0,2025-03-01
8.5,8.0,42023,5,0,0.0,0.0,2023-04-01
8.5,8.0,42024,5,0,0.0,0.0,2024-04-01
8.5,8.0,42025,4,0,0.0,0.0,2025-04-01
8.5,8.0,52023,5,0,0.0,0.0,2023-05-01
8.5,8.0,52024,4,0,0.0,0.0,2024-05-01
8.5,8.0,52025,4,0,0.0,0.0,2025-05-01
8.5,8.0,62023,5,0,0.0,0.0,2023-06-01
8.5,8.0,62024,4,0,0.0,0.0,2024-06-01
8.5,8.0,62025,3,0,0.0,0.0,2025-06-01
8.5,8.0,72023,5,0,0.0,0.0,2023-07-01
8.5,8.0,72024,4,0,0.0,0.0,2024-07-01
8.5,8.0,72025,3,0,0.0,0.0,2025-07-01
8.5,8.0,82023,5,0,0.0,0.0,2023-08-01
8.5,8.0,82024,4,0,0.0,0.0,2024-08-01
8.5,8.0,82025,3,0,0.0,0.0,2025-08-01
8.5,8.0,92023,5,0,0.0,0.0,2023-09-01
8.5,8.0,92024,4,0,0.0,0.0,2024-09-01
8.5,8.0,92025,3,0,0.0,0.0,2025-09-01
8.5,8.0,102023,5,0,0.0,0.0,2023-10-01
8.5,8.0,102024,4,0,0.0,0.0,2024-10-01
8.5,8.0,112023,5,0,0.0,0.0,2023-11-01
8.5,8.0,112024,4,0,0.0,0.0,2024-11-01
8.5,8.0,122023,5,0,0.0,0.0,2023-12-01
8.5,8.0,122024,4,0,0.0,0.0,2024-12-01
